school,spell_name,type,circle,mana,damage,damage_type,healing,duration,area,cooldown,effect_1,effect_2,effect_3,gameplay,description,class_name
Bardic,Ballad of Health,heal,4,16,,,6-10,,,,CHANNELED,,,Target friendly player or self. Restores health.,Circle: 4 (16 mana) | [Design] CHANNELED: Heals 6-10 HP/tick to allies,BardicBalladofHealthSpell
Bardic,Cacophony,aoe_damage,4,16,,,,,AoE,,Confusion,,,Cast at location. All enemies in area take damage.,"Circle: 4 (16 mana) | [Design] AoE confusion, enemies attack randomly (10s)",BardicCacophonySpell
Bardic,Crescendo,dot,6,24,,,,,AoE,,CHANNELED,,,Apply to enemy. Target takes damage over time for the duration.,"Circle: 6 (24 mana) | [Design] Channeled AoE damage, ramps up: 5→10→15→20→25/tick",BardicCrescendoSpell
Bardic,Destructive Resonance,aoe_damage,6,24,35-60,sonic,,,AoE,,,,,Cast at location. All enemies in area take damage.,"Circle: 6 (24 mana) | [Design] 8 tile AoE, 35-60 sonic damage, shatters equipment",BardicDestructiveResonanceSpell
Bardic,Dirge of Weakness,utility,2,8,,,,,,,-10 STR,,,Cast to activate spell effect.,Circle: 2 (8 mana) | [Design] Enemy -10 STR (25s),BardicDirgeofWeaknessSpell
Bardic,Discordant Note,damage,1,4,5-11,sonic,,,,,,,,Target enemy and cast to deal 5-11 damage.,Circle: 1 (4 mana) | [Design] 5-11 sonic damage,BardicDiscordantNoteSpell
Bardic,Epic Ballad,buff,6,24,,,,,,,CHANNELED,+25% all stats,,Cast on friendly target or self. Enhances stats or resistances for the duration.,"Circle: 6 (24 mana) | [Design] CHANNELED: Allies +25% all stats, +20 all resists",BardicEpicBalladSpell
Bardic,Eternal Symphony,buff,8,32,,,,,,,CHANNELED,,,Cast on friendly target or self. Enhances stats or resistances for the duration.,"Circle: 8 (32 mana) | [Design] CHANNELED: Ultimate buff (party unkillable while channeling, max 15s)",BardicEternalSymphonySpell
Bardic,Inspire Accuracy,utility,1,4,,,,,,,+10% accuracy,,,Cast to activate spell effect.,Circle: 1 (4 mana) | [Design] Ally +10% accuracy (30s),BardicInspireAccuracySpell
Bardic,Inspire Heroism,damage,4,16,,,,30s,,,+30% damage,,,Target enemy and cast to deal  damage.,Circle: 4 (16 mana) | [Design] Target ally +30% damage for 30s,BardicInspireHeroismSpell
Bardic,Legendary Performance,shapeshift,7,28,,,,,,,,,,Cast on self. Caster transforms into different form with new abilities.,Circle: 7 (28 mana) | [Design] Transform: All songs can be cast while moving/casting (60s),BardicLegendaryPerformanceSpell
Bardic,Lullaby,utility,1,4,,,,,,,-20% attack speed,,,Cast to activate spell effect.,"Circle: 1 (4 mana) | [Design] Enemy becomes drowsy, -20% attack speed (20s)",BardicLullabySpell
Bardic,Maestro Ascendant,shapeshift,8,32,,,,,,,,,,Cast on self. Caster transforms into different form with new abilities.,"Circle: 8 (32 mana) | [Design] Ultimate form: All songs cost no mana, can channel 3 songs simultaneously",BardicMaestroAscendantSpell
Bardic,Mass Inspire,utility,5,20,,,,,,,+15% attack speed,,,Cast to activate spell effect.,Circle: 5 (20 mana) | [Design] All allies +15% attack speed (45s),BardicMassInspireSpell
Bardic,Mesmerize,charm,3,12,,,,8s,,,,,,Target enemy creature. Subject fights for you temporarily.,Circle: 3 (12 mana) | [Design] Enemy charmed for 8s (attacks allies),BardicMesmerizeSpell
Bardic,Ode to Devastation,summon,8,32,80-140,sonic,,,,,,,,Cast to summon creature. Summoned creature fights for you.,"Circle: 8 (32 mana) | [Design] Screen-wide, 80-140 sonic damage, destroys all barriers/summons",BardicOdetoDevastationSpell
Bardic,Rejuvenating Melody,heal,2,8,,,3-5,30s,,,,,,Target friendly player or self. Restores health.,Circle: 2 (8 mana) | [Design] Ally heals 3-5 HP/tick for 30s,BardicRejuvenatingMelodySpell
Bardic,Requiem,dot,5,20,8-14,sonic,,,,,,,,Apply to enemy. Target takes damage over time for the duration.,"Circle: 5 (20 mana) | [Design] DoT, 8-14 sonic damage/tick, silences (12s)",BardicRequiemSpell
Bardic,Shattering Scream,damage,5,20,28-48,sonic,,,,,,,,Target enemy and cast to deal 28-48 damage.,"Circle: 5 (20 mana) | [Design] 28-48 sonic damage, destroys barriers/shields",BardicShatteringScreamSpell
Bardic,Song of Courage,utility,1,4,,,,,,,,,,Cast to activate spell effect.,Circle: 1 (4 mana) | [Design] Allies +5 to all stats (30s),BardicSongofCourageSpell
Bardic,Song of Fear,aoe_damage,6,24,,,,,AoE,,,,,Cast at location. All enemies in area take damage.,"Circle: 6 (24 mana) | [Design] AoE, all enemies flee in terror (8s)",BardicSongofFearSpell
Bardic,Song of Resilience,buff,2,8,,,,,,,+10 Physical Resist,,,Cast on friendly target or self. Enhances stats or resistances for the duration.,Circle: 2 (8 mana) | [Design] Allies +10 Physical Resist (45s),BardicSongofResilienceSpell
Bardic,Song of Sanctuary,damage,5,20,,,,,,,CHANNELED,,,Target enemy and cast to deal  damage.,Circle: 5 (20 mana) | [Design] CHANNELED: Allies take 30% less damage,BardicSongofSanctuarySpell
Bardic,Song of Swiftness,utility,3,12,,,,,,,+25% movement speed,,,Cast to activate spell effect.,Circle: 3 (12 mana) | [Design] Allies +25% movement speed (45s),BardicSongofSwiftnessSpell
Bardic,Songof the Ancients,utility,7,28,,,,,,,,,,Cast to activate spell effect.,Song of the Ancients - Song of the Ancients Circle: 7 (28 mana),BardicSongoftheAncientsSpell
Bardic,Sonic Apocalypse,damage,7,28,45-75,sonic,,,,,Confusion,,,Target enemy and cast to deal 45-75 damage.,"Circle: 7 (28 mana) | [Design] Screen-wide, 45-75 sonic damage, mass confusion",BardicSonicApocalypseSpell
Bardic,Sonic Burst,aoe_damage,2,8,10-18,sonic,,,AoE,,,,,Cast at location. All enemies in area take damage.,"Circle: 2 (8 mana) | [Design] 10-18 sonic damage, 2 tile AoE",BardicSonicBurstSpell
Bardic,Sonic Wave,damage,4,16,20-35,sonic,,,,,,,,Target enemy and cast to deal 20-35 damage.,"Circle: 4 (16 mana) | [Design] Cone, 20-35 sonic damage, pushes enemies back",BardicSonicWaveSpell
Bardic,Symphony of Destruction,paralyze,7,28,50-85,sonic,,,AoE,,Stun,,,Target enemy. Subject is rooted to the ground and cannot move for the duration.,"Circle: 7 (28 mana) | [Design] 12 tile AoE, 50-85 sonic damage, AoE stun 4s",BardicSymphonyofDestructionSpell
Bardic,Thunderous Chord,paralyze,3,12,18-30,sonic,,,,,,,,Target enemy. Subject is rooted to the ground and cannot move for the duration.,"Circle: 3 (12 mana) | [Design] 18-30 sonic damage, stuns 2s",BardicThunderousChordSpell
Bardic,Voiceof the Dragon,utility,8,32,,,,,,,,,,Cast to activate spell effect.,Voice of the Dragon - Voice of the Dragon Circle: 8 (32 mana),BardicVoiceoftheDragonSpell
Bardic,War Song,damage,3,12,,,,,,,CHANNELED,+15% damage,,Target enemy and cast to deal  damage.,Circle: 3 (12 mana) | [Design] CHANNELED: Allies +15% damage while singing,BardicWarSongSpell
Dark Magic,Apocalyptic Chaos,utility,7,28,,,,,,,,,,Cast to activate spell effect.,Circle: 7 (28 mana) | [Design] Screen-wide random catastrophic effects,DarkApocalypticChaosSpell
Dark Magic,Chaos Bolt,damage,2,8,8-25,,,,,,-25 damage,,,Target enemy and cast to deal 8-25 damage.,Circle: 2 (8 mana) | [Design] Random 8-25 damage (chaotic),DarkChaosBoltSpell
Dark Magic,Chaos Incarnate,utility,8,32,,,,,,,,,,Cast to activate spell effect.,Circle: 8 (32 mana) | [Design] Every spell cast triggers random bonus effect (30s),DarkChaosIncarnateSpell
Dark Magic,Chaos Rift,slow,4,16,,,,,AoE,,Slow,Fear,Confusion,Target enemy. Subject's movement and attack speed are reduced for the duration.,"Circle: 4 (16 mana) | [Design] Random AoE effects (damage, fear, slow, confusion)",DarkChaosRiftSpell
Dark Magic,Chaos Storm,aoe_damage,6,24,,,,,8 tile radius,,,,,Cast at location. All enemies in 8 tile radius take damage.,"Circle: 6 (24 mana) | [Design] 8 tile radius, random devastating effects",DarkChaosStormSpell
Dark Magic,Corruption,dot,3,12,,,,,,,,,,Apply to enemy. Target takes damage over time for the duration.,"Circle: 3 (12 mana) | [Design] DoT 6-10 shadow/tick, spreads on death",DarkCorruptionSpell
Dark Magic,Dark Apotheosis,shapeshift,8,32,,,,,,,Fear,Charm,,Cast on self. Caster transforms into different form with new abilities.,"Circle: 8 (32 mana) | [Design] Ultimate form: Immune to fear/charm, demons unkillable, all spells cost HP instead of mana",DarkDarkApotheosisSpell
Dark Magic,Dark Portal,teleport,6,24,,,,,15 tile range,,,,,Cast to instantly move to target location.,Circle: 6 (24 mana) | [Design] Teleport entire party (15 tile range),DarkDarkPortalSpell
Dark Magic,Demonic Ascension,damage,7,28,,,,,,,+60 STR,,,Target enemy and cast to deal  damage.,"Circle: 7 (28 mana) | [Design] Become demon: +60 STR, +40% all damage, demon abilities",DarkDemonicAscensionSpell
Dark Magic,Demonic Pact,damage,3,12,,,,45s,,,,,,Target enemy and cast to deal  damage.,"Circle: 3 (12 mana) | [Design] Sacrifice 25% HP, +30% spell damage for 45s",DarkDemonicPactSpell
Dark Magic,Demonic Sacrifice,heal,5,20,,,,,,,+25% damage,,,Target friendly player or self. Restores health.,"Circle: 5 (20 mana) | [Design] Kill demon, heal 50% HP and +25% damage",DarkDemonicSacrificeSpell
Dark Magic,Demonic Sight,detection,1,4,,,,,,,,,,Cast to reveal hidden enemies or objects in area.,"Circle: 1 (4 mana) | [Design] See in darkness, detect holy magic",DarkDemonicSightSpell
Dark Magic,Dra in Soul,utility,2,8,,,,,,,,,,Cast to activate spell effect.,Drain Soul - Drain Soul Circle: 2 (8 mana),DarkDrainSoulSpell
Dark Magic,Fear Wave,utility,3,12,,,,5s,,,Fear,,,Cast to activate spell effect.,"Circle: 3 (12 mana) | [Design] Cone, causes fear for 5s",DarkFearWaveSpell
Dark Magic,Fel Armor,damage,5,20,,,,,,,,,,Target enemy and cast to deal  damage.,"Circle: 5 (20 mana) | [Design] +20 Shadow Resist, converts damage to mana",DarkFelArmorSpell
Dark Magic,Lesser Demon,summon,2,8,,,,,,,,,,Cast to summon creature. Summoned creature fights for you.,"Circle: 2 (8 mana) | [Design] Summon Imp (200 HP, weak attacks)",DarkLesserDemonSpell
Dark Magic,Life Tap,heal,1,4,,,,,,,,,,Target friendly player or self. Restores health.,"Circle: 1 (4 mana) | [Design] Sacrifice 10 HP, restore 15 mana",DarkLifeTapSpell
Dark Magic,Mass Fear,aoe_damage,5,20,,,,,6 tile radius,,,,,Cast at location. All enemies in 6 tile radius take damage.,"Circle: 5 (20 mana) | [Design] 6 tile radius, all enemies flee 6s",DarkMassFearSpell
Dark Magic,Minor Fear,utility,1,4,,,,3s,,,,,,Cast to activate spell effect.,Circle: 1 (4 mana) | [Design] Target flees for 3s,DarkMinorFearSpell
Dark Magic,Shadow Bolt,damage,1,4,,,,,,,,,,Target enemy and cast to deal  damage.,Circle: 1 (4 mana) | [Design] 6-12 shadow damage,DarkShadowBoltSpell
Dark Magic,Shadow Chains,paralyze,4,16,,,,,,,Root,,,Target enemy. Subject is rooted to the ground and cannot move for the duration.,Circle: 4 (16 mana) | [Design] Root + 8-15 shadow damage/tick,DarkShadowChainsSpell
Dark Magic,Shadow Nova,aoe_damage,3,12,,,,,AoE,,,,,Cast at location. All enemies in area take damage.,"Circle: 3 (12 mana) | [Design] 4 tile AoE, 12-24 shadow damage",DarkShadowNovaSpell
Dark Magic,Shadow Orb,utility,5,20,,,,,,,,,,Cast to activate spell effect.,"Circle: 5 (20 mana) | [Design] Floating orb, auto-attacks enemies (10s)",DarkShadowOrbSpell
Dark Magic,Shadow Step,teleport,2,8,,,,,,,,,,Cast to instantly move to target location.,Circle: 2 (8 mana) | [Design] Teleport to shadows (8 tiles),DarkShadowStepSpell
Dark Magic,Shadowform,shapeshift,6,24,,,,,,,,,,Cast on self. Caster transforms into different form with new abilities.,"Circle: 6 (24 mana) | [Design] Become shadow: +50% shadow damage, immune to physical",DarkShadowformSpell
Dark Magic,Soul Burn,dot,4,16,30-50,,,,,,-50 damage,,,Apply to enemy. Target takes damage over time for the duration.,"Circle: 4 (16 mana) | [Design] Consumes soul shard, deals 30-50 damage",DarkSoulBurnSpell
Dark Magic,Soul Harvest,aoe_damage,7,28,,,,,AoE,,,,,Cast at location. All enemies in area take damage.,"Circle: 7 (28 mana) | [Design] AoE drain, creates soul shards from kills",DarkSoulHarvestSpell
Dark Magic,Summ on Dem on Prince,summon,8,32,,,,,,,,,,Cast to summon creature. Summoned creature fights for you.,Summon Demon Prince - Summon Demon Prince Circle: 8 (32 mana),DarkSummonDemonPrinceSpell
Dark Magic,Summ on Pit Lord,summon,7,28,,,,,,,,,,Cast to summon creature. Summoned creature fights for you.,Summon Pit Lord - Summon Pit Lord Circle: 7 (28 mana),DarkSummonPitLordSpell
Dark Magic,Summ on Succubus,summon,6,24,,,,,,,,,,Cast to summon creature. Summoned creature fights for you.,Summon Succubus - Summon Succubus Circle: 6 (24 mana),DarkSummonSuccubusSpell
Dark Magic,Summ on Voidwalker,summon,4,16,,,,,,,,,,Cast to summon creature. Summoned creature fights for you.,Summon Voidwalker - Summon Voidwalker Circle: 4 (16 mana),DarkSummonVoidwalkerSpell
Dark Magic,Void Collapse,damage,8,32,100-180,,,,,,-180 damage,,,Target enemy and cast to deal 100-180 damage.,"Circle: 8 (32 mana) | [Design] Creates black hole, 10 tiles, pulls enemies in, 100-180 damage",DarkVoidCollapseSpell
Divination,Barrier of Light,damage,4,16,,,,,,,,,,Target enemy and cast to deal  damage.,"Circle: 4 (16 mana) | [Design] Party shield, absorbs 50 damage each",DivinationBarrierofLightSpell
Divination,Chrono Lord,charm,7,28,,,,,,,,,,Target enemy creature. Subject fights for you temporarily.,"Circle: 7 (28 mana) | [Design] Control time: rewind cooldowns, double spell speed",DivinationChronoLordSpell
Divination,Clarity,utility,1,4,,,,30s,,,+5 INT,,,Cast to activate spell effect.,Circle: 1 (4 mana) | [Design] +5 INT for 30s,DivinationClaritySpell
Divination,Cosmic Rift,damage,7,28,55-90,,,,,,-90 damage,,,Target enemy and cast to deal 55-90 damage.,"Circle: 7 (28 mana) | [Design] Creates energy rift, 12 tiles, pulls enemies, 55-90 damage",DivinationCosmicRiftSpell
Divination,Crystal Barrage,aoe_damage,5,20,25-42,energy,,,AoE,,,,,Cast at location. All enemies in area take damage.,"Circle: 5 (20 mana) | [Design] 5 tile AoE, 25-42 energy damage",DivinationCrystalBarrageSpell
Divination,Crystal Dart,damage,1,4,5-11,energy,,,,,,,,Target enemy and cast to deal 5-11 damage.,Circle: 1 (4 mana) | [Design] 5-11 energy damage,DivinationCrystalDartSpell
Divination,Crystal Fortress,aoe_damage,6,24,,,,,AoE,,,,,Cast at location. All enemies in area take damage.,"Circle: 6 (24 mana) | [Design] AoE shield, 200 HP absorb, reflects damage",DivinationCrystalFortressSpell
Divination,Crystal Maze,utility,8,32,,,,,,,,,,Cast to activate spell effect.,"Circle: 8 (32 mana) | [Design] Traps enemies in crystal labyrinth (20 tiles, 45s)",DivinationCrystalMazeSpell
Divination,Crystal Shield,damage,2,8,,,,,,,,,,Target enemy and cast to deal  damage.,Circle: 2 (8 mana) | [Design] 30 damage absorb shield,DivinationCrystalShieldSpell
Divination,Energy Burst,aoe_damage,3,12,15-26,energy,,,AoE,,,,,Cast at location. All enemies in area take damage.,"Circle: 3 (12 mana) | [Design] 3 tile AoE, 15-26 energy damage",DivinationEnergyBurstSpell
Divination,Fate Shift,utility,7,28,,,,,,,,,,Cast to activate spell effect.,Circle: 7 (28 mana) | [Design] Swap HP/mana values with target,DivinationFateShiftSpell
Divination,Fates Thread,damage,5,20,,,,,,,,,,Target enemy and cast to deal  damage.,"Fate's Thread - Fate's Thread Circle: 5 (20 mana) | [Design] Link two allies, share buffs and damage",DivinationFatesThreadSpell
Divination,Foresight,utility,2,8,,,,,,,,,,Cast to activate spell effect.,Circle: 2 (8 mana) | [Design] Next attack against you misses,DivinationForesightSpell
Divination,Glimpse Future,utility,1,4,,,,,,,,,,Cast to activate spell effect.,Circle: 1 (4 mana) | [Design] See enemy's next action,DivinationGlimpseFutureSpell
Divination,Haste Self,utility,2,8,,,,20s,,,,,,Cast to activate spell effect.,Circle: 2 (8 mana) | [Design] +20% attack/cast speed for 20s,DivinationHasteSelfSpell
Divination,Man a Crystal,utility,3,12,,,,,,,,,,Cast to activate spell effect.,Mana Crystal - Mana Crystal Circle: 3 (12 mana),DivinationManaCrystalSpell
Divination,Mass Foresight,buff,7,28,,,,,,,,,,Cast on friendly target or self. Enhances stats or resistances for the duration.,"Circle: 7 (28 mana) | [Design] Party gains ""avoid next attack"" buff",DivinationMassForesightSpell
Divination,Mass Haste,utility,5,20,,,,30s,,,,,,Cast to activate spell effect.,Circle: 5 (20 mana) | [Design] Party +25% speed for 30s,DivinationMassHasteSpell
Divination,Minor Ward,damage,1,4,,,,,,,+10 damage,,,Target enemy and cast to deal  damage.,Circle: 1 (4 mana) | [Design] +10 damage shield,DivinationMinorWardSpell
Divination,Oracle Ascendant,utility,8,32,,,,,,,Instant Cast,,,Cast to activate spell effect.,"Circle: 8 (32 mana) | [Design] See all futures: auto-dodge attacks, instant cast spells, perfect accuracy",DivinationOracleAscendantSpell
Divination,Oracles Sight,utility,4,16,,,,,,,,,,Cast to activate spell effect.,"Oracle's Sight - Oracle's Sight Circle: 4 (16 mana) | [Design] See all enemies within 25 tiles, their HP/mana",DivinationOraclesSightSpell
Divination,Precognition,detection,3,12,,,,,,,,,,Cast to reveal hidden enemies or objects in area.,"Circle: 3 (12 mana) | [Design] See invisible/hidden, detect traps",DivinationPrecognitionSpell
Divination,Prismatic Apocalypse,damage,8,32,80-145,energy,,,,,,,,Target enemy and cast to deal 80-145 damage.,"Circle: 8 (32 mana) | [Design] Screen-wide, 80-145 energy damage, random status effects",DivinationPrismaticApocalypseSpell
Divination,Prismatic Bolt,damage,2,8,10-17,energy,,,,,,,,Target enemy and cast to deal 10-17 damage.,"Circle: 2 (8 mana) | [Design] 10-17 energy damage, rainbow effect",DivinationPrismaticBoltSpell
Divination,Prismatic Spray,damage,4,16,18-32,,,,,,-32 damage,,,Target enemy and cast to deal 18-32 damage.,"Circle: 4 (16 mana) | [Design] Cone, 18-32 damage, random status effects",DivinationPrismaticSpraySpell
Divination,Prismatic Storm,aoe_damage,6,24,35-58,energy,,,8 tile radius,,,,,Cast at location. All enemies in 8 tile radius take damage.,"Circle: 6 (24 mana) | [Design] 8 tile radius, 35-58 energy damage, rainbow explosions",DivinationPrismaticStormSpell
Divination,Prophecy of Doom,damage,6,24,,,,,,,+30% damage,,,Target enemy and cast to deal  damage.,"Circle: 6 (24 mana) | [Design] Mark enemy, allies deal +30% damage to them",DivinationProphecyofDoomSpell
Divination,Temporal Shield,damage,5,20,,,,1s,,,,,,Target enemy and cast to deal  damage.,"Circle: 5 (20 mana) | [Design] When hit, rewind damage (immune for 1s after hit)",DivinationTemporalShieldSpell
Divination,Temporal Slow,slow,3,12,,,,12s,,,Slow,,,Target enemy. Subject's movement and attack speed are reduced for 12 seconds.,Circle: 3 (12 mana) | [Design] Slow enemy 40% for 12s,DivinationTemporalSlowSpell
Divination,Time Stop,paralyze,6,24,,,,5s,,,Freeze,,,Target enemy. Subject is rooted to the ground and cannot move for 5 seconds.,Circle: 6 (24 mana) | [Design] Freeze enemy for 5s (complete disable),DivinationTimeStopSpell
Divination,Time Warp,heal,4,16,,,,,,,,,,Target friendly player or self. Restores health.,"Circle: 4 (16 mana) | [Design] Rewind to position 3s ago, restore HP/mana to that state",DivinationTimeWarpSpell
Divination,Timeless State,damage,8,32,,,,10s,,,,,,Target enemy and cast to deal  damage.,Circle: 8 (32 mana) | [Design] Party becomes immune to damage for 10s,DivinationTimelessStateSpell
Elemental Magic,Apocalypse,dot,8,32,80-140,,,,,,-140 damage,,,Apply to enemy. Target takes damage over time for the duration.,"Circle: 8 (32 mana) | [Design] Entire screen, 80-140 damage, burns for 20-35/tick",ElementalApocalypseSpell
Elemental Magic,Avatar of Flame,shapeshift,7,28,,,,,,,,,,Cast on self. Caster transforms into different form with new abilities.,"Circle: 7 (28 mana) | [Design] Ultimate transformation: +100% fire damage, immune to fire, mana costs halved",ElementalAvatarofFlameSpell
Elemental Magic,Cataclysm,aoe_damage,7,28,50-85,,,,AoE,,-85 damage,,,Cast at location. All enemies in area take damage.,"Circle: 7 (28 mana) | [Design] Screen-wide AoE, 50-85 damage, creates lava everywhere",ElementalCataclysmSpell
Elemental Magic,Combustion,dot,5,20,30-50,,,,,,-50 damage,,,Apply to enemy. Target takes damage over time for the duration.,"Circle: 5 (20 mana) | [Design] Detonates burning targets, 30-50 damage",ElementalCombustionSpell
Elemental Magic,Ember Burst,damage,2,8,8-15,,,,,,-15 damage,,,Target enemy and cast to deal 8-15 damage.,"Circle: 2 (8 mana) | [Design] Short range cone, 8-15 damage",ElementalEmberBurstSpell
Elemental Magic,Fireball,aoe_damage,2,8,10-18,fire,,,AoE,,,,,Cast at location. All enemies in area take damage.,"Circle: 2 (8 mana) | [Design] 10-18 fire damage, small AoE (2 tiles)",ElementalFireballSpell
Elemental Magic,Flame Bolt,damage,1,4,5-12,fire,,,,,,,,Target enemy and cast to deal 5-12 damage.,Circle: 1 (4 mana) | [Design] 5-12 fire damage,ElementalFlameBoltSpell
Elemental Magic,Flame Pillar,damage,4,16,18-30,,,,,,-30 damage,,,Target enemy and cast to deal 18-30 damage.,"Circle: 4 (16 mana) | [Design] Ground target, 18-30 damage, knockup",ElementalFlamePillarSpell
Elemental Magic,Flame Tempest,dot,6,24,8-15,,,,,,-15 damage,,,Apply to enemy. Target takes damage over time for the duration.,"Circle: 6 (24 mana) | [Design] Tornado of fire, moves randomly, 8-15 damage/tick",ElementalFlameTempestSpell
Elemental Magic,Flame Ward,damage,2,8,,,,,,,,,,Target enemy and cast to deal  damage.,Circle: 2 (8 mana) | [Design] Reflects 10 fire damage on melee hits,ElementalFlameWardSpell
Elemental Magic,He at Shield,utility,1,4,,,,,,,,,,Cast to activate spell effect.,Heat Shield - Heat Shield Circle: 1 (4 mana),ElementalHeatShieldSpell
Elemental Magic,Hellfire Nova,aoe_damage,6,24,35-60,,,,8 tile radius,,-60 damage,,,Cast at location. All enemies in 8 tile radius take damage.,"Circle: 6 (24 mana) | [Design] 8 tile radius, 35-60 damage, ignites all",ElementalHellfireNovaSpell
Elemental Magic,Ignite,dot,3,12,,,,,,,,,,Apply to enemy. Target takes damage over time for the duration.,"Circle: 3 (12 mana) | [Design] Applies burning DoT (5-10/tick, 10s), spreads to nearby",ElementalIgniteSpell
Elemental Magic,Incinerate,damage,3,12,20-35,fire,,,,,,,,Target enemy and cast to deal 20-35 damage.,"Circle: 3 (12 mana) | [Design] 20-35 fire damage, high single target",ElementalIncinerateSpell
Elemental Magic,Inferno,dot,5,20,15-28,,,8s,6 tile radius,,-28 damage,,,Apply to enemy. Target takes damage over time for 8 seconds.,"Circle: 5 (20 mana) | [Design] 6 tile radius, 15-28 damage/tick for 8s",ElementalInfernoSpell
Elemental Magic,Lav a Flow,utility,5,20,,,,,,,,,,Cast to activate spell effect.,Lava Flow - Lava Flow Circle: 5 (20 mana),ElementalLavaFlowSpell
Elemental Magic,Lav a Puddle,utility,2,8,,,,,,,,,,Cast to activate spell effect.,Lava Puddle - Lava Puddle Circle: 2 (8 mana),ElementalLavaPuddleSpell
Elemental Magic,Magm a Armor,buff,4,16,,,,,,,,,,Cast on friendly target or self. Enhances stats or resistances for the duration.,Magma Armor - Magma Armor Circle: 4 (16 mana),ElementalMagmaArmorSpell
Elemental Magic,Magm a Core,utility,8,32,,,,,,,,,,Cast to activate spell effect.,Magma Core - Magma Core Circle: 8 (32 mana),ElementalMagmaCoreSpell
Elemental Magic,Meteor Strike,damage,4,16,25-40,,,,,,-40 damage,,,Target enemy and cast to deal 25-40 damage.,"Circle: 4 (16 mana) | [Design] Falling meteor, 25-40 damage, leaves lava",ElementalMeteorStrikeSpell
Elemental Magic,Molten Titan Form,shapeshift,6,24,,,,,,,+40 STR,+30 Fire Resist,,Cast on self. Caster transforms into different form with new abilities.,"Circle: 6 (24 mana) | [Design] Transform: +40 STR, +30 Fire Resist, immune to ignite",ElementalMoltenTitanFormSpell
Elemental Magic,Molten Touch,utility,1,4,,,,,,,,,,Cast to activate spell effect.,"Circle: 1 (4 mana) | [Design] Melee fire attack, ignites",ElementalMoltenTouchSpell
Elemental Magic,Phoenix Shield,damage,5,20,,,,,,,,,,Target enemy and cast to deal  damage.,"Circle: 5 (20 mana) | [Design] When taking fatal damage, revive at 30% HP (once)",ElementalPhoenixShieldSpell
Elemental Magic,Primordial Inferno,cure,8,32,,,,30s,,,,,,Target friendly player. Removes negative status effects.,"Circle: 8 (32 mana) | [Design] Ultimate DoT: 25-40/tick for 30s, cannot be removed",ElementalPrimordialInfernoSpell
Elemental Magic,Pyroclasm,aoe_damage,4,16,20-35,,,,4 tile radius,,-35 damage,,,Cast at location. All enemies in 4 tile radius take damage.,"Circle: 4 (16 mana) | [Design] 4 tile radius AoE, 20-35 damage",ElementalPyroclasmSpell
Elemental Magic,Pyroclastic Flow,damage,7,28,60-100,,,,,,-100 damage,,,Target enemy and cast to deal 60-100 damage.,"Circle: 7 (28 mana) | [Design] Massive cone (15 tiles), 60-100 damage, lethal ignite",ElementalPyroclasticFlowSpell
Elemental Magic,Ring of Fire,dot,3,12,3-6,,,,,,-6 damage,,,Apply to enemy. Target takes damage over time for the duration.,"Circle: 3 (12 mana) | [Design] Circle around caster, 3-6 damage/tick, blocks movement",ElementalRingofFireSpell
Elemental Magic,Smoke Screen,utility,1,4,,,,,,,-20% accuracy,,,Cast to activate spell effect.,"Circle: 1 (4 mana) | [Design] Creates obscuring smoke, -20% accuracy",ElementalSmokeScreenSpell
Elemental Magic,Solar Flare,damage,8,32,100-160,,,10s,,,-160 damage,,,Target enemy and cast to deal 100-160 damage.,"Circle: 8 (32 mana) | [Design] Blinds all enemies, 100-160 damage, disarms for 10s",ElementalSolarFlareSpell
Elemental Magic,Summ on Fire Elemental Lord,summon,7,28,,,,,,,,,,Cast to summon creature. Summoned creature fights for you.,Summon Fire Elemental Lord - Summon Fire Elemental Lord Circle: 7 (28 mana),ElementalSummonFireElementalLordSpell
Elemental Magic,Volcanic Eruption,aoe_damage,6,24,40-70,,,,AoE,,-70 damage,,,Cast at location. All enemies in area take damage.,"Circle: 6 (24 mana) | [Design] Ground target, massive AoE (10 tiles), 40-70 damage",ElementalVolcanicEruptionSpell
Elemental Magic,Volcanic Rock,paralyze,3,12,15-25,,,,,,-25 damage,,,Target enemy. Subject is rooted to the ground and cannot move for the duration.,"Circle: 3 (12 mana) | [Design] Hurl boulder, 15-25 damage, stuns 1s",ElementalVolcanicRockSpell
Enchanting,Aegis of Warding,damage,5,20,,,,,,,,,,Target enemy and cast to deal  damage.,Circle: 5 (20 mana) | [Design] Absorbs next 100 damage (120s),EnchantingAegisofWardingSpell
Enchanting,Arcane Shield,buff,1,4,,,,60s,,,,,,Cast on friendly target or self. Enhances stats or resistances for 60 seconds.,Circle: 1 (4 mana) | [Design] +5 armor for 60s,EnchantingArcaneShieldSpell
Enchanting,Archmages Blessing,utility,8,32,,,,,,,,,,Cast to activate spell effect.,"Archmage's Blessing - Archmage's Blessing Circle: 8 (32 mana) | [Design] All enchantments last forever, can stack multiple (60s)",EnchantingArchmagesBlessingSpell
Enchanting,Artifact Empowerment,damage,8,32,,,,,,,+100 damage,,,Target enemy and cast to deal  damage.,"Circle: 8 (32 mana) | [Design] Weapon becomes legendary: +100 damage, special effects (300s)",EnchantingArtifactEmpowermentSpell
Enchanting,Detect Magic,detection,1,4,,,,,,,,,,Cast to reveal hidden enemies or objects in area.,"Circle: 1 (4 mana) | [Design] See magical auras, enchanted items",EnchantingDetectMagicSpell
Enchanting,Disenchant,cure,2,8,,,,,,,,,,Target friendly player. Removes negative status effects.,Circle: 2 (8 mana) | [Design] Remove one buff from enemy,EnchantingDisenchantSpell
Enchanting,Elemental Barrier,buff,3,12,,,,,,,,,,Cast on friendly target or self. Enhances stats or resistances for the duration.,Circle: 3 (12 mana) | [Design] +10 to all elemental resists (90s),EnchantingElementalBarrierSpell
Enchanting,Enchant Army,damage,7,28,,,,,,,+20% damage,,,Target enemy and cast to deal  damage.,"Circle: 7 (28 mana) | [Design] All allies gain +20% damage, +15 armor (180s)",EnchantingEnchantArmySpell
Enchanting,Enchant Arrows,damage,4,16,,,,,,,+10 damage,,,Target enemy and cast to deal  damage.,Circle: 4 (16 mana) | [Design] 100 arrows deal +10 damage each,EnchantingEnchantArrowsSpell
Enchanting,Enchant Party Weapons,damage,5,20,,,,,,,+10 damage,,,Target enemy and cast to deal  damage.,Circle: 5 (20 mana) | [Design] All party weapons +10 damage (120s),EnchantingEnchantPartyWeaponsSpell
Enchanting,Flaming Weapon,damage,2,8,,,,90s,,,,,,Target enemy and cast to deal  damage.,Circle: 2 (8 mana) | [Design] Weapon deals +8 fire damage for 90s,EnchantingFlamingWeaponSpell
Enchanting,Fortify Armor,buff,2,8,,,,90s,,,+10 Physical Resist,,,Cast on friendly target or self. Enhances stats or resistances for 90 seconds.,Circle: 2 (8 mana) | [Design] +10 Physical Resist for 90s,EnchantingFortifyArmorSpell
Enchanting,Godly Weapon,damage,7,28,,,,,,,+50 damage,,,Target enemy and cast to deal  damage.,"Circle: 7 (28 mana) | [Design] Weapon +50 damage, triple attack speed, life drain (240s)",EnchantingGodlyWeaponSpell
Enchanting,Greater Disenchant,cure,7,28,,,,,AoE,,,,,Target friendly player. Removes negative status effects.,Circle: 7 (28 mana) | [Design] Remove ALL buffs from all enemies (10 tile AoE),EnchantingGreaterDisenchantSpell
Enchanting,Holy Weapon,damage,5,20,,,,,,,,,,Target enemy and cast to deal  damage.,Circle: 5 (20 mana) | [Design] Weapon deals double damage to undead/demons (180s),EnchantingHolyWeaponSpell
Enchanting,Invincible Armor,damage,8,32,,,,,,,,,,Target enemy and cast to deal  damage.,Circle: 8 (32 mana) | [Design] Armor grants immunity to physical damage (30s),EnchantingInvincibleArmorSpell
Enchanting,Invulnerability,damage,6,24,,,,,,,,,,Target enemy and cast to deal  damage.,Circle: 6 (24 mana) | [Design] Armor grants 50% damage reduction (60s),EnchantingInvulnerabilitySpell
Enchanting,Legendary Weapon,damage,6,24,,,,,,,+25 damage,,,Target enemy and cast to deal  damage.,"Circle: 6 (24 mana) | [Design] Weapon +25 damage, +20% speed, +10% crit (180s)",EnchantingLegendaryWeaponSpell
Enchanting,Lightning Weapon,utility,3,12,,,,,,,,,,Cast to activate spell effect.,Circle: 3 (12 mana) | [Design] Weapon has 25% chance to chain lightning (120s),EnchantingLightningWeaponSpell
Enchanting,Magic Weapon,damage,1,4,,,,60s,,,,,,Target enemy and cast to deal  damage.,Circle: 1 (4 mana) | [Design] +5 weapon damage for 60s,EnchantingMagicWeaponSpell
Enchanting,Mass Disenchant,cure,4,16,,,,,,,,,,Target friendly player. Removes negative status effects.,Circle: 4 (16 mana) | [Design] Remove all buffs from target,EnchantingMassDisenchantSpell
Enchanting,Mass Enchant Weapons,damage,6,24,,,,,,,,,,Target enemy and cast to deal  damage.,Circle: 6 (24 mana) | [Design] All allies' weapons gain element damage (120s),EnchantingMassEnchantWeaponsSpell
Enchanting,Prismatic Barrier,damage,7,28,,,,,,,,,,Target enemy and cast to deal  damage.,"Circle: 7 (28 mana) | [Design] +40 all resists, reflect damage (180s)",EnchantingPrismaticBarrierSpell
Enchanting,Reflection,utility,4,16,,,,,,,,,,Cast to activate spell effect.,Spell Reflection - Spell Reflection Circle: 4 (16 mana),EnchantingSpellReflectionSpell
Enchanting,Rune of Apocalypse,aoe_damage,8,32,150-250,,,,AoE,,-250 damage,,,Cast at location. All enemies in area take damage.,Circle: 8 (32 mana) | [Design] Create rune: Instant AoE 150-250 damage,EnchantingRuneofApocalypseSpell
Enchanting,Rune of Healing,heal,3,12,,,40-60,,,,,,,Target friendly player or self. Restores health.,Circle: 3 (12 mana) | [Design] Create rune: Instant heal 40-60 HP,EnchantingRuneofHealingSpell
Enchanting,Rune of Power,damage,1,4,,,,,,,+10% damage,,,Target enemy and cast to deal  damage.,Circle: 1 (4 mana) | [Design] Create rune: Instant +10% damage (30s),EnchantingRuneofPowerSpell
Enchanting,Rune of Protection,damage,2,8,,,,,,,,,,Target enemy and cast to deal  damage.,Circle: 2 (8 mana) | [Design] Create rune: Instant 50 damage shield,EnchantingRuneofProtectionSpell
Enchanting,Rune of Resurrection,resurrect,6,24,,,,,,,,,,Target dead player. Brings them back to life.,Circle: 6 (24 mana) | [Design] Create rune: Instant self-resurrection,EnchantingRuneofResurrectionSpell
Enchanting,Runic Empowerment,utility,5,20,,,,,,,,,,Cast to activate spell effect.,Circle: 5 (20 mana) | [Design] All stats +15 (90s),EnchantingRunicEmpowermentSpell
Enchanting,Sharpen,buff,3,12,,,,,,,,,,Cast on friendly target or self. Enhances stats or resistances for the duration.,Circle: 3 (12 mana) | [Design] Weapon ignores 15 armor (120s),EnchantingSharpenSpell
Enchanting,Vampiric Weapon,damage,4,16,,,,,,,,,,Target enemy and cast to deal  damage.,Circle: 4 (16 mana) | [Design] Weapon drains 10% damage as HP (120s),EnchantingVampiricWeaponSpell
Hex Magic,Apocalyptic Hex,heal,8,50,8-15,,,30s,30 tile radius,,-20 all stats,-15 damage,Poison,Target friendly player or self. Restores health.,"Apocalyptic Hex - ALL enemies cursed with multiple stacking hexes: -20 all stats, -20 all resists, Deadly Poison, -50% healing, 8-15 damage/tick Circle: 8 (50 mana) | [Design] ALL enemies cursed with multiple stacking hexes: -20 all stats, -20 all resists, Deadly Poison, -50% healing, 8-15 damage/tick | Area: Entire screen (30 tile radius) | Duration: 30 seconds",HexApocalypticHexSpell
Hex Magic,Contagious Hex,dot,3,9,3-5,,,20s,,,-10% attack speed,-5 damage,,Apply to enemy. Target takes damage over time for 20 seconds.,"Contagious Hex - Cursed target spreads hex to allies within 3 tiles (-10% attack speed, 3-5 damage/tick) Circle: 3 (9 mana) | [Design] Cursed target spreads hex to allies within 3 tiles (-10% attack speed, 3-5 damage/tick) | Duration: 20 seconds",HexContagiousHexSpell
Hex Magic,Crippling Curse,debuff,4,11,,,,35s,,,-20 DEX,-30% movement speed,-20% attack speed,Target enemy. Reduces their stats or resistances for 35 seconds.,"Crippling Curse - -20 DEX, -30% movement speed, -20% attack speed Circle: 4 (11 mana) | [Design] -20 DEX, -30% movement speed, -20% attack speed | Duration: 35 seconds",HexCripplingCurseSpell
Hex Magic,Curse of Mortality,buff,6,20,,,,40s,,,,,,Cast on friendly target or self. Enhances stats or resistances for 40 seconds.,"Curse of Mortality - Target loses ALL regeneration (HP/Mana/Stam), -20 all resists, -15% max HP Circle: 6 (20 mana) | [Design] Target loses ALL regeneration (HP/Mana/Stam), -20 all resists, -15% max HP | Duration: 40 seconds",HexCurseofMortalitySpell
Hex Magic,Curse of Undeath,heal,8,50,,,,,,,Poison,,,Target friendly player or self. Restores health.,"Curse of Undeath - Target becomes cursed undead: heals become damage, holy spells deal double damage, cannot naturally regenerate, +50% poison/curse damage taken Circle: 8 (50 mana) | [Design] Target becomes cursed undead: heals become damage, holy spells deal double damage, cannot naturally regenerate, +50% poison/curse damage taken | Duration: Permanent (until death/dispelled)",HexCurseofUndeathSpell
Hex Magic,Curseof the Hag,shapeshift,7,40,,,,,,,-90% damage,,,Cast on self. Caster transforms into different form with new abilities.,"Curse of the Hag - Target polymorphs into weak form (chicken), -90% damage, -50% movement, cannot cast spells Circle: 7 (40 mana)",HexCurseoftheHagSpell
Hex Magic,Dark Pact,damage,2,6,,,,45s,,,,,,Target enemy and cast to deal  damage.,"Dark Pact - Sacrifice 15% current HP, gain +20% spell damage for duration Circle: 2 (6 mana) | [Design] Sacrifice 15% current HP, gain +20% spell damage for duration | Duration: 45 seconds",HexDarkPactSpell
Hex Magic,Doomcurse,cure,6,20,,,,12s,,,,,,Target friendly player. Removes negative status effects.,"Doomcurse - After 12 seconds, target takes massive damage (100-150) unless dispelled. Cannot be removed by normal means. Circle: 6 (20 mana) | [Design] After 12 seconds, target takes massive damage (100-150) unless dispelled. Cannot be removed by normal means. | Duration: 12 seconds",HexDoomcurseSpell
Hex Magic,Dra in Essence,heal,4,11,,,,,,,,,,Target friendly player or self. Restores health.,"Drain Essence - Drains 25-40 HP AND 10-20 mana, heals caster for HP amount and restores mana Circle: 4 (11 mana)",HexDrainEssenceSpell
Hex Magic,Enfeeble,damage,2,6,,,,25s,,,-15 STR,,,Target enemy and cast to deal  damage.,"Enfeeble - -15 STR, -10% physical damage output Circle: 2 (6 mana) | [Design] -15 STR, -10% physical damage output | Duration: 25 seconds",HexEnfeebleSpell
Hex Magic,Evil Eye,utility,1,4,,,,15s,,,-5% accuracy,,,Cast to activate spell effect.,Evil Eye - -5% accuracy Circle: 1 (4 mana) | [Design] -5% accuracy | Duration: 15 seconds,HexEvilEyeSpell
Hex Magic,Hex Storm,slow,6,20,,,,15s,6 tile radius,,,,,Target enemy. Subject's movement and attack speed are reduced for 15 seconds.,"Hex Storm - Zone pulses random hexes every 2s: curses, poisons, slows, silences Circle: 6 (20 mana) | [Design] Zone pulses random hexes every 2s: curses, poisons, slows, silences | Area: 6 tile radius | Duration: 15 seconds",HexHexStormSpell
Hex Magic,Hex of Agony,heal,4,11,,,,15s,,,,,,Target friendly player or self. Restores health.,"Hex of Agony - Whenever target is healed, they take equal damage instead Circle: 4 (11 mana) | [Design] Whenever target is healed, they take equal damage instead | Duration: 15 seconds",HexHexofAgonySpell
Hex Magic,Hex of Frailty,buff,3,9,,,,30s,,,,,,Cast on friendly target or self. Enhances stats or resistances for 30 seconds.,Hex of Frailty - -10 to all resistances Circle: 3 (9 mana) | [Design] -10 to all resistances | Duration: 30 seconds,HexHexofFrailtySpell
Hex Magic,Hex of Silence,utility,5,14,,,,8s,,,Silence,,,Cast to activate spell effect.,Hex of Silence - Target cannot cast spells (silenced) Circle: 5 (14 mana) | [Design] Target cannot cast spells (silenced) | Duration: 8 seconds,HexHexofSilenceSpell
Hex Magic,Hexblade Ritual,damage,7,40,,,,60s,,,,,,Target enemy and cast to deal  damage.,"Hexblade Ritual - Caster's spells deal bonus physical damage equal to 50% of spell damage, melee attacks apply hexes Circle: 7 (40 mana) | [Design] Caster's spells deal bonus physical damage equal to 50% of spell damage, melee attacks apply hexes | Duration: 60 seconds",HexHexbladeRitualSpell
Hex Magic,Life Leech,heal,3,9,,,,,,,,,,Target friendly player or self. Restores health.,"Life Leech - Drains 15-25 HP from target, heals caster for 150% of amount drained Circle: 3 (9 mana) | [Design] Drains 15-25 HP from target, heals caster for 150% of amount drained",HexLifeLeechSpell
Hex Magic,Mass Hex,aoe_damage,5,14,,,,25s,5 tile radius,,-10 all stats,-10% damage,,Cast at location. All enemies in 5 tile radius take damage.,"Mass Hex - All enemies cursed: -10 all stats, -10% damage, -5 all resists Circle: 5 (14 mana) | [Design] All enemies cursed: -10 all stats, -10% damage, -5 all resists | Area: 5 tile radius | Duration: 25 seconds",HexMassHexSpell
Hex Magic,Necrotic Touch,heal,5,14,25-40,,,20s,,,-40 damage,Poison,,Target friendly player or self. Restores health.,"Necrotic Touch - Deals 25-40 damage, reduces healing received by 50% for 20 seconds, applies Deadly Poison Circle: 5 (14 mana) | [Design] Deals 25-40 damage, reduces healing received by 50% for 20 seconds, applies Deadly Poison",HexNecroticTouchSpell
Hex Magic,Plague Bearer,dot,4,11,6-10,poison,,20s,,,Poison,,,Apply to enemy. Target takes damage over time for 20 seconds.,Plague Bearer - Target takes 6-10 poison damage/tick and spreads poison to enemies within 2 tiles Circle: 4 (11 mana) | [Design] Target takes 6-10 poison damage/tick and spreads poison to enemies within 2 tiles | Duration: 20 seconds,HexPlagueBearerSpell
Hex Magic,Plague of Sorrows,heal,7,40,10-18,,,25s,8 tile radius,,-18 damage,,,Target friendly player or self. Restores health.,"Plague of Sorrows - Contagious mega-plague: 10-18 damage/tick, spreads to anyone within 5 tiles, reduces healing 75% Circle: 7 (40 mana) | [Design] Contagious mega-plague: 10-18 damage/tick, spreads to anyone within 5 tiles, reduces healing 75% | Area: 8 tile radius | Duration: 25 seconds",HexPlagueofSorrowsSpell
Hex Magic,Pois on Touch,dot,2,6,5-8,,,,,,-8 damage,Poison,,Apply to enemy. Target takes damage over time for the duration.,Poison Touch - Applies Greater Poison (5-8 damage/tick) Circle: 2 (6 mana),HexPoisonTouchSpell
Hex Magic,Siph on Life,heal,1,4,,,,,,,,,,Target friendly player or self. Restores health.,"Siphon Life - Drains 6-12 HP from target, heals caster for same amount Circle: 1 (4 mana)",HexSiphonLifeSpell
Hex Magic,Soul Harvest,heal,7,40,,,,,6 tile radius,,,,,Target friendly player or self. Restores health.,"Soul Harvest - Drains 40-65 HP from all enemies, heals caster for total amount drained, grants shield equal to healing Circle: 7 (40 mana) | [Design] Drains 40-65 HP from all enemies, heals caster for total amount drained, grants shield equal to healing | Area: 6 tile radius",HexSoulHarvestSpell
Hex Magic,Soul Siphon,heal,5,14,,,,,,,,,,Target friendly player or self. Restores health.,"Soul Siphon - Drains 35-55 HP, heals caster for 200% of amount, grants temporary +10% max HP buff (60s) Circle: 5 (14 mana) | [Design] Drains 35-55 HP, heals caster for 200% of amount, grants temporary +10% max HP buff (60s)",HexSoulSiphonSpell
Hex Magic,Vampiric Aura,heal,6,20,,,,30s,,,,,,Target friendly player or self. Restores health.,"Vampiric Aura - All damage dealt by caster heals caster for 40% of damage, +15% spell damage Circle: 6 (20 mana) | [Design] All damage dealt by caster heals caster for 40% of damage, +15% spell damage | Duration: 30 seconds",HexVampiricAuraSpell
Hex Magic,Voodoo Doll,damage,3,9,,,,25s,,,,,,Target enemy and cast to deal  damage.,Voodoo Doll - Links to target - 25% of damage caster takes is reflected to linked target Circle: 3 (9 mana) | [Design] Links to target - 25% of damage caster takes is reflected to linked target | Duration: 25 seconds,HexVoodooDollSpell
Hex Magic,Voodoo Mastery,charm,8,50,,,,20s,,,Charm,,,Target enemy creature. Subject fights for you temporarily.,"Voodoo Mastery - Controls target's actions (charm), can force them to attack allies or cast spells Circle: 8 (50 mana) | [Design] Controls target's actions (charm), can force them to attack allies or cast spells | Duration: 20 seconds",HexVoodooMasterySpell
Hex Magic,Wasting Curse,debuff,2,6,,,,30s,,,,,,Target enemy. Reduces their stats or resistances for 30 seconds.,Wasting Curse - Target loses 1% max HP every 3 seconds (max 10% loss) Circle: 2 (6 mana) | [Design] Target loses 1% max HP every 3 seconds (max 10% loss) | Duration: 30 seconds,HexWastingCurseSpell
Hex Magic,Weak Curse,debuff,1,4,,,,20s,,,,,,Target enemy. Reduces their stats or resistances for 20 seconds.,Weak Curse - -5 to all stats (STR/DEX/INT) Circle: 1 (4 mana) | [Design] -5 to all stats (STR/DEX/INT) | Duration: 20 seconds,HexWeakCurseSpell
Hex Magic,Witch Queens Dominion,summon,8,50,,,,60s,,,Poison,,,Cast to summon creature. Summoned creature fights for you.,"Witch Queen's Dominion - Become Witch Queen: All hexes cost 50% less mana, hexes last twice as long, life drain heals 300%, immune to curses/poison, summons 3 hex totems that auto-curse enemies Circle: 8 (50 mana) | [Design] Become Witch Queen: All hexes cost 50% less mana, hexes last twice as long, life drain heals 300%, immune to curses/poison, summons 3 hex totems that auto-curse enemies | Duration: 60 seconds",HexWitchQueensDominionSpell
Hex Magic,Witch Sight,detection,1,4,,,,60s,,,,,,Cast to reveal hidden enemies or objects in area.,"Witch Sight - Reveals hidden creatures, see in darkness, detect magic auras Circle: 1 (4 mana) | [Design] Reveals hidden creatures, see in darkness, detect magic auras | Duration: 60 seconds",HexWitchSightSpell
Ice Magic,Absolute Zero,paralyze,7,40,50-80,cold,,3s,6 tile radius,,Freeze,,,Ultimate AoE nuke + CC 6-tile radius = 13x13 tile area,"Absolute Zero - Ultimate AoE nuke Massive cold damage in large area with freeze and frozen ground Circle: 7th (40 mana) Reagents: Arctic Pearl, Frozen Soul, EternalIce (Vystia reagents) | [Design] 50-80 cold damage | Freezes all enemies for 3s, creates frozen ground | Area: 6 tile radius",AbsoluteZeroSpell
Ice Magic,Age,paralyze,8,50,,,,,,,,,,Target enemy. Subject is rooted to the ground and cannot move for the duration.,"Ice Age - Screen-wide devastation Everything freezes across massive area Circle: 8th (50 mana) Reagents: Frozen Soul, EternalIce, HeartOfWinter, FrozenOre (Vystia reagents)",IceAgeSpell
Ice Magic,Avalanche,slow,6,20,30-50,cold,,,8 tile cone,,Slow,Knockback,,Cone AoE knockback spell Targets in 45° cone in front of you,"Avalanche - Cone AoE with knockback Massive ice and snow cascade dealing damage and knocking back enemies Circle: 6th (20 mana) Reagents: Permafrost Essence, Arctic Pearl, Frozen Soul (Vystia reagents) | [Design] 30-50 cold damage | Knockback 3 tiles, applies slow | Area: 8 tile cone (45° angle)",AvalancheSpell
Ice Magic,Blizzard,paralyze,6,20,,,,10s,5 tile radius,,,,,Target enemy. Subject is rooted to the ground and cannot move for 10 seconds.,"Blizzard - AoE ice storm that deals damage over time and slows enemies Circle: 6th (20 mana) Area: 5 tile radius Duration: 10 seconds Reagents: MandrakeRoot, SulfurousAsh, Bloodmoss, SpidersSilk",BlizzardSpell
Ice Magic,Bolt,paralyze,3,9,,,,,,,Slow,,,Target enemy. Subject is rooted to the ground and cannot move for the duration.,"Ice Bolt - Basic ice damage spell Deals cold damage and has chance to slow target Circle: 3rd (9 mana) Reagents: MandrakeRoot, SulfurousAsh",IceBoltSpell
Ice Magic,Chill Aura,slow,1,4,,,,20s,2 tile radius,,,,,Creates defensive aura around you Automatically affects any enemy that comes within 2 tiles,Chill Aura - Creates a chilling aura around caster Enemies within 2 tiles have reduced attack speed Circle: 1st (4 mana) Reagents: Winterleaf (Vystia reagent) | [Design] Enemies within range are slowed | Area: 2 tile radius around caster | Duration: 20 seconds,ChillAuraSpell
Ice Magic,Cocytus Prison,utility,8,50,,,,,,,CHANNELED,,,Ultimate lockdown spell Completely disables one enemy,"Cocytus Prison - Ultimate lockdown Imprisons target in unbreakable ice requiring channel Circle: 8th (50 mana) Reagents: Frozen Soul, EternalIce (3), HeartOfWinter (Vystia reagents) | [Design] Complete lockdown (requires caster channel) | Duration: Up to 60 seconds (channeled)",CocytusPrisonSpell
Ice Magic,Deep Freeze,paralyze,6,20,,,,10s,,,Stun,Freeze,Vulnerability,Ultimate CC + vulnerability spell Target becomes:,"Deep Freeze - Hard CC with vulnerability Freezes target solid making them take double damage Circle: 6th (20 mana) Reagents: Permafrost Essence, Arctic Pearl, Frozen Soul (Vystia reagents) | [Design] Stun + vulnerability (-25 all resistances) | Duration: 10 seconds",DeepFreezeSpell
Ice Magic,Eternal Winter,slow,7,40,,,,30s,8 tile radius,,Slow,,,Ultimate zone control spell 8-tile radius = largest AoE in game,"Eternal Winter - Zone control ultimate Creates massive frozen wasteland with continuous damage and slowing Circle: 7th (40 mana) Reagents: Arctic Pearl, Frozen Soul, EternalIce (Vystia reagents) | [Design] 5-10 per second | 50% slow | Area: 8 tile radius | Duration: 30 seconds",EternalWinterSpell
Ice Magic,Fimbulwinters Wrath,shapeshift,7,40,,,,15s,,,,,,Transformation ultimate Buffs you with:,"Fimbulwinter's Wrath - Transformation ultimate Caster becomes avatar of winter with massive power boost Circle: 7th (40 mana) Reagents: Arctic Pearl, Frozen Soul, EternalIce, HeartOfWinter (Vystia reagents) | [Design] Transform into avatar of winter | Duration: 15 seconds",FimbulwintersWrathSpell
Ice Magic,Freezing Grasp,slow,2,6,8-14,cold,,4s,,,-15 DEX,Slow,,Improved version of basic damage spells Higher slow chance (30% vs 15%),"Freezing Grasp - Improved cold damage with slow Deals cold damage and has higher chance to slow target Circle: 2nd (6 mana) Reagents: Frostbloom, Winterleaf (Vystia reagents) | [Design] 8-14 cold damage | 30% chance to slow (-15 DEX for 4s)",FreezingGraspSpell
Ice Magic,Frost Armor,paralyze,4,11,,,,,,,,,,Target enemy. Subject is rooted to the ground and cannot move for the duration.,"Frost Armor - Defensive buff that grants physical and cold resistance Circle: 4th (11 mana) Duration: 120-240 seconds (scales with Magery) Reagents: Garlic, Ginseng, MandrakeRoot",FrostArmorSpell
Ice Magic,Frost Meteor,slow,8,50,80-120,cold,,,10 tile radius,,Slow,,,Devastating AoE nuke 20 tile range = entire screen,"Frost Meteor - Devastating AoE nuke Calls down massive ice meteor with enormous damage and frozen terrain Circle: 8th (50 mana) Reagents: Frozen Soul, EternalIce, HeartOfWinter (Vystia reagents) | [Design] 80-120 cold damage | 75% slow, creates frozen ground | Area: 10 tile radius",FrostMeteorSpell
Ice Magic,Frost Slick,slow,2,6,,,,5s,3 tile area,,-20 DEX,,,Area denial spell - create zones enemies must avoid Anyone standing in the 3x3 area gets slowed,"Frost Slick - Creates icy ground that slows enemies Creates a 3x3 tile area of ice that slows enemies passing through Circle: 2nd (6 mana) Reagents: Frostbloom, Winterleaf (Vystia reagents) | [Design] Slows enemies standing on it (-20 DEX for 5s) | Area: 3x3 tiles | Duration: 15 seconds",FrostSlickSpell
Ice Magic,Frost Touch,slow,1,4,4-8,cold,,3s,,,-10 DEX,Slow,,"Cast on yourself, then touch an enemy within 1 tile Instant damage with potential slow","Frost Touch - Basic ice touch attack Deals cold damage on touch and has chance to slow target Circle: 1st (4 mana) Reagents: Frostbloom, Winterleaf (Vystia reagents) | [Design] 4-8 cold damage | 15% chance to slow (-10 DEX for 3s)",FrostTouchSpell
Ice Magic,Frost Ward,buff,1,4,,,,30s,,,+5 Cold Resist,,,Protective buff against cold damage Can be cast on yourself or allies,"Frost Ward - Basic cold protection buff Grants +5 Cold Resistance for 30 seconds Circle: 1st (4 mana) Reagents: Winterleaf, Frostbloom (Vystia reagents) | [Design] +5 Cold Resistance | Duration: 30 seconds",FrostWardSpell
Ice Magic,Frostbite,heal,3,9,,,,12s,,,,,,Damage over time debuff 6 ticks over 12 seconds = 24-42 total damage,"Frostbite - Damage over time with anti-healing debuff Deals cold DoT and reduces healing received Circle: 3rd (9 mana) Reagents: Winterleaf, Glacier Crystal (Vystia reagents) | [Design] 4-7 per tick | Reduces healing received by 25% (documented, not fully implemented) | Duration: 12 seconds (6 ticks, 1 per 2 seconds)",FrostbiteSpell
Ice Magic,Frozen Ground,slow,3,9,,,,4s,4 tile radius,,-20 DEX,Slow,,Damage over time zone control spell 4-tile radius = very large area (9x9 tiles!),"Frozen Ground - Creates frozen terrain that damages and slows Creates a 4-tile radius area that deals DoT and applies slow Circle: 3rd (9 mana) Reagents: Frostbloom, Winterleaf, Glacier Crystal (Vystia reagents) | [Design] 3-6 per second | Also slows enemies (-20 DEX for 4s) | Area: 4 tile radius | Duration: 20 seconds",FrozenGroundSpell
Ice Magic,Frozen Tomb,damage,5,14,,,,6s,,,,,,Defensive disable spell Target becomes:,"Frozen Tomb - Ice prison that protects target Encases target in ice making them immune to damage but unable to act Circle: 5th (14 mana) Reagents: Permafrost Essence, Arctic Pearl (Vystia reagents) | [Design] Target immune to damage but cannot act | Duration: 6 seconds",FrozenTombSpell
Ice Magic,Glacial Fortress,damage,6,20,,,,60s,,,,,,Ultimate defensive buff (self only) +25 to all 5 resistances:,"Glacial Fortress - Ultimate defense buff Creates ice fortress with massive resistances and damage reflection Circle: 6th (20 mana) Reagents: Permafrost Essence, Arctic Pearl, Frozen Soul (Vystia reagents) | [Design] +25 to ALL resistances | Duration: 60 seconds",GlacialFortressSpell
Ice Magic,Glacial Mend,heal,2,6,,,,,,,,,,Ice Mage's only direct healing spell Heals moderate amount (15-25 HP),"Glacial Mend - Ice-themed healing spell Heals target and grants cold resistance buff Circle: 2nd (6 mana) Reagents: Winterleaf, Frostbloom (Vystia reagents) | [Design] 15-25 HP",GlacialMendSpell
Ice Magic,Glacial Strike,paralyze,5,14,35-55,cold,,2s,,,Stun,Freeze,,High damage single-target nuke 50% chance to stun (Frozen = true),"Glacial Strike - High damage with freeze chance Deals heavy cold damage with 50% chance to stun Circle: 5th (14 mana) Reagents: Permafrost Essence, Arctic Pearl (Vystia reagents) | [Design] 35-55 cold damage | 50% chance to freeze (stun for 2s)",GlacialStrikeSpell
Ice Magic,Glacier Summon,summon,7,40,,,,180s,,,,,,Powerful summon spell Ice Elemental stats:,"Glacier Summon - Summons Ice Elemental Summons a powerful ice elemental to fight for the caster Circle: 7th (40 mana) Reagents: Arctic Pearl, Frozen Soul, Permafrost Essence (Vystia reagents) | [Design] Duration: 180 seconds (3 minutes)",GlacierSummonSpell
Ice Magic,Hypothermia,damage,5,14,,,,20s,,,,,,Severe debuff spell Instant damage: 10% of target's max HP,"Hypothermia - Severe debuff Reduces max HP, movement speed, and attack speed Circle: 5th (14 mana) Reagents: Permafrost Essence, Arctic Pearl (Vystia reagents) | [Design] 10% max HP damage + severe debuffs | Duration: 20 seconds",HypothermiaSpell
Ice Magic,Icicle Barrage,aoe_damage,4,11,15-25,cold,,,3 tile radius,,,,,AoE burst damage centered on target 3-tile radius = hits lots of enemies,"Icicle Barrage - AoE burst damage Rains icicles in an area dealing cold damage Circle: 4th (11 mana) Reagents: Glacier Crystal, Permafrost Essence (Vystia reagents) | [Design] 15-25 cold damage per enemy | Area: 3 tile radius around target",IcicleBarrageSpell
Ice Magic,Permafrost,paralyze,4,11,,,,8s,,,Root,,,Hard CC (crowd control) - root effect Target.Frozen = true (cannot move),"Permafrost - Root spell that prevents movement Roots target in place and deals DoT Circle: 4th (11 mana) Reagents: Winterleaf, Glacier Crystal, Permafrost Essence (Vystia reagents) | [Design] 5-10 per second | Roots target (cannot move) | Duration: 8 seconds",PermafrostSpell
Ice Magic,Rime Reaper,aoe_damage,8,50,100-150,cold,,,,,,,,Execute ability (like Overwatch's Reaper) Wide arc in front of you (90° cone),"Rime Reaper - Execute ability Massive ice scythe that shatters low HP targets Circle: 8th (50 mana) Reagents: Frozen Soul, EternalIce, HeartOfWinter (Vystia reagents) | [Design] 100-150 cold damage | INSTANT KILL enemies below 20% HP | Area: Arc sweep (90° angle, 15 tiles)",RimeReaperSpell
Ice Magic,Shard,damage,1,4,,,,,,,,,,Target enemy and cast to deal  damage.,Ice Shard - Basic ice projectile attack Deals cold damage at range Circle: 1st (4 mana) Reagents: Frostbloom (Vystia reagent),IceShardSpell
Ice Magic,Shatter,slow,5,14,,,,,,,+50% damage,,,Combo finisher spell Checks if target has slow debuff OR is frozen,"Shatter - Combo spell with bonus vs slowed/frozen Deals cold damage with +50% bonus if target is slowed or frozen Circle: 5th (14 mana) Reagents: Permafrost Essence, Glacier Crystal (Vystia reagents) | [Design] 20-35 base, 30-52 if target slowed/frozen | +50% damage vs slowed or frozen targets",ShatterSpell
Ice Magic,Shield,damage,2,6,,,,,,,,,,Target enemy and cast to deal  damage.,"Ice Shield - Defensive buff with damage reflection Grants physical and cold resistance, reflects melee damage Circle: 2nd (6 mana) Reagents: Winterleaf, Glacier Crystal (Vystia reagents)",IceShieldSpell
Ice Magic,Spear,damage,3,9,,,,,,,,,,Target enemy and cast to deal  damage.,"Ice Spear - Piercing ice projectile that hits multiple targets Deals heavy cold damage and can pierce through up to 3 enemies in a line Circle: 3rd (9 mana) Reagents: Frostbloom, Winterleaf, Glacier Crystal (Vystia reagents)",IceSpearSpell
Ice Magic,Wall,utility,4,11,,,,,,,,,,Cast to activate spell effect.,"Ice Wall - Creates a barrier of ice Creates a 5-tile long wall that blocks movement Circle: 4th (11 mana) Reagents: Glacier Crystal, Permafrost Essence (Vystia reagents)",IceWallSpell
Illusion,Apocalyptic Nightmare,damage,8,32,,,,,,,Fear,Confusion,,Target enemy and cast to deal  damage.,"Circle: 8 (32 mana) | [Design] Screen-wide, 80-140 psychic damage, mass fear/confusion",IllusionApocalypticNightmareSpell
Illusion,Blur,utility,1,4,,,,30s,,,,,,Cast to activate spell effect.,Circle: 1 (4 mana) | [Design] +10% dodge for 30s,IllusionBlurSpell
Illusion,Charm Beast,charm,3,12,,,,30s,,,,,,Target enemy creature. Subject fights for you temporarily.,Circle: 3 (12 mana) | [Design] Control beast enemy for 30s,IllusionCharmBeastSpell
Illusion,Confuse,utility,2,8,,,,8s,,,,,,Cast to activate spell effect.,Circle: 2 (8 mana) | [Design] Enemy attacks random target for 8s,IllusionConfuseSpell
Illusion,Detect Thoughts,detection,1,4,,,,,,,,,,Cast to reveal hidden enemies or objects in area.,"Circle: 1 (4 mana) | [Design] Read surface thoughts, see intentions",IllusionDetectThoughtsSpell
Illusion,Dominate Mind,charm,6,24,,,,40s,,,,,,Target enemy creature. Subject fights for you temporarily.,Circle: 6 (24 mana) | [Design] Control any non-boss enemy for 40s,IllusionDominateMindSpell
Illusion,Greater Invisibility,damage,3,12,,,,45s,,,,,,Target enemy and cast to deal  damage.,Circle: 3 (12 mana) | [Design] Invisible for 45s (breaks only on damage dealt),IllusionGreaterInvisibilitySpell
Illusion,Illusory Apocalypse,illusion,8,32,,,,,,,,,,Cast on self or target. Creates illusion or grants invisibility.,"Circle: 8 (32 mana) | [Design] Creates massive illusion of destruction, all enemies flee in terror (45s)",IllusionIllusoryApocalypseSpell
Illusion,Illusory Army,damage,5,20,,,,,,,,,,Target enemy and cast to deal  damage.,"Circle: 5 (20 mana) | [Design] Create 5 illusory warriors (250 HP each, 30% damage)",IllusionIllusoryArmySpell
Illusion,Illusory Double,damage,2,8,,,,,,,,,,Target enemy and cast to deal  damage.,"Circle: 2 (8 mana) | [Design] Create 1 weak copy (100 HP, 20% damage)",IllusionIllusoryDoubleSpell
Illusion,Illusory Terrain,aoe_damage,4,16,,,,,,,,,,Cast at location. All enemies in area take damage.,Circle: 4 (16 mana) | [Design] Create fake walls/obstacles (8x8 area),IllusionIllusoryTerrainSpell
Illusion,Invisibility,illusion,2,8,,,,30s,,,,,,Cast on self or target. Creates illusion or grants invisibility.,Circle: 2 (8 mana) | [Design] Become invisible for 30s (breaks on attack/spell),IllusionInvisibilitySpell
Illusion,Legion of Mirrors,utility,6,24,,,,,,,,,,Cast to activate spell effect.,Circle: 6 (24 mana) | [Design] Create 10 illusory copies (300 HP each),IllusionLegionofMirrorsSpell
Illusion,Mass Charm,aoe_damage,6,24,,,,15s,AoE,,Charm,,,Cast at location. All enemies in area take damage.,"Circle: 6 (24 mana) | [Design] 8 tile AoE, charm all enemies for 15s",IllusionMassCharmSpell
Illusion,Mass Confusion,aoe_damage,4,16,,,,10s,AoE,,,,,Cast at location. All enemies in area take damage.,"Circle: 4 (16 mana) | [Design] 5 tile AoE, all enemies confused for 10s",IllusionMassConfusionSpell
Illusion,Master of Puppets,charm,8,32,,,,,,,,,,Target enemy creature. Subject fights for you temporarily.,Circle: 8 (32 mana) | [Design] Control up to 5 enemies simultaneously (30s),IllusionMasterofPuppetsSpell
Illusion,Mind Blast,damage,4,16,,,,,,,,,,Target enemy and cast to deal  damage.,"Circle: 4 (16 mana) | [Design] 25-42 psychic damage, silences 4s",IllusionMindBlastSpell
Illusion,Mind Control,charm,5,20,,,,20s,,,,,,Target enemy creature. Subject fights for you temporarily.,Circle: 5 (20 mana) | [Design] Control humanoid enemy for 20s,IllusionMindControlSpell
Illusion,Mind Shatter,damage,7,28,,,,,,,Confusion,,,Target enemy and cast to deal  damage.,"Circle: 7 (28 mana) | [Design] 50-85 psychic damage, permanent confusion until dispelled",IllusionMindShatterSpell
Illusion,Mind Spike,damage,1,4,,,,,,,,,,Target enemy and cast to deal  damage.,Circle: 1 (4 mana) | [Design] 5-11 psychic damage,IllusionMindSpikeSpell
Illusion,Minor Illusion,illusion,1,4,,,,,,,,,,Cast on self or target. Creates illusion or grants invisibility.,Circle: 1 (4 mana) | [Design] Create small illusory object (cosmetic),IllusionMinorIllusionSpell
Illusion,Mirror Image,utility,3,12,,,,,,,,,,Cast to activate spell effect.,Circle: 3 (12 mana) | [Design] Create 2 illusory copies (200 HP each),IllusionMirrorImageSpell
Illusion,Perfect Illusion,illusion,8,32,,,,,,,,,,Cast on self or target. Creates illusion or grants invisibility.,"Circle: 8 (32 mana) | [Design] Ultimate: All abilities cost no mana, infinite illusions, unkillable copies",IllusionPerfectIllusionSpell
Illusion,Perfect Invisibility,illusion,5,20,,,,60s,,,,,,Cast on self or target. Creates illusion or grants invisibility.,"Circle: 5 (20 mana) | [Design] Invisible for 60s, doesn't break",IllusionPerfectInvisibilitySpell
Illusion,Phantasmal Dragon,summon,7,28,,,,,,,Fear,,,Cast to summon creature. Summoned creature fights for you.,"Circle: 7 (28 mana) | [Design] Summon illusory dragon (2000 HP, fear aura, breath)",IllusionPhantasmalDragonSpell
Illusion,Phantasmal Killer,summon,4,16,,,,,,,,,,Cast to summon creature. Summoned creature fights for you.,"Circle: 4 (16 mana) | [Design] Summons nightmare, fears and damages (300 HP)",IllusionPhantasmalKillerSpell
Illusion,Phantom Bolt,damage,2,8,,,,,,,,,,Target enemy and cast to deal  damage.,Circle: 2 (8 mana) | [Design] 10-18 psychic damage,IllusionPhantomBoltSpell
Illusion,Phase Shift,utility,6,24,,,,,,,,,,Cast to activate spell effect.,"Circle: 6 (24 mana) | [Design] Become intangible (immune to physical, 20s)",IllusionPhaseShiftSpell
Illusion,Psychic Scream,aoe_damage,3,12,,,,,AoE,,Fear,,,Cast at location. All enemies in area take damage.,"Circle: 3 (12 mana) | [Design] 4 tile AoE, 15-26 psychic damage, fear 3s",IllusionPsychicScreamSpell
Illusion,Psychic Storm,dot,5,20,,,,,AoE,,Confusion,,,Apply to enemy. Target takes damage over time for the duration.,"Circle: 5 (20 mana) | [Design] Ground AoE, 8-14 psychic damage/tick, mass confusion",IllusionPsychicStormSpell
Illusion,Reality Warp,utility,7,28,,,,,,,,,,Cast to activate spell effect.,Circle: 7 (28 mana) | [Design] Swap positions of all enemies/allies (20 tiles),IllusionRealityWarpSpell
Illusion,True Invisibility,detection,7,28,,,,,,,,,,Cast to reveal hidden enemies or objects in area.,Circle: 7 (28 mana) | [Design] Invisible permanently (until you choose to reveal),IllusionTrueInvisibilitySpell
Nature Magic,Animal Aspect Speed,utility,2,6,,,,60s,,,+20 DEX,+15% movement speed,,Cast to activate spell effect.,"Animal Aspect: Speed - +20 DEX, +15% movement speed Circle: 2 (6 mana) | [Design] +20 DEX, +15% movement speed | Duration: 60 seconds",NatureAnimalAspectSpeedSpell
Nature Magic,Avatarof the Forest,shapeshift,8,50,,,,,,,Poison,,,Cast on self. Caster transforms into different form with new abilities.,"Avatar of the Forest - Become nature incarnate: Can shapeshift instantly and maintain spellcasting, all nature spells cost 50% less mana, immune to poison/fire, +40 all resists, summons 3 treant guardians Circle: 8 (50 mana)",NatureAvataroftheForestSpell
Nature Magic,Barkskin,buff,1,4,,,,30s,,,+5 Physical Resist,+5 Poison Resist,Poison,Cast on friendly target or self. Enhances stats or resistances for 30 seconds.,"Barkskin - +5 Physical Resistance, +5 Poison Resistance Circle: 1 (4 mana) | [Design] +5 Physical Resistance, +5 Poison Resistance | Duration: 30 seconds",NatureBarkskinSpell
Nature Magic,Bear Form Lesser Shapeshift,shapeshift,3,9,,,,180s,,,+30 STR,+15 Physical Resist,,Cast on self. Caster transforms into different form with new abilities.,"Bear Form (Lesser Shapeshift) - Transform into bear: +30 STR, +15 Physical Resist, melee attacks deal bonus damage, CANNOT CAST SPELLS Circle: 3 (9 mana) | [Design] Transform into bear: +30 STR, +15 Physical Resist, melee attacks deal bonus damage, CANNOT CAST SPELLS | Duration: 180 seconds",NatureBearFormLesserShapeshiftSpell
Nature Magic,Detect Life,detection,1,4,,,,60s,,,,,,Cast to reveal hidden enemies or objects in area.,"Detect Life - Reveals hidden creatures within 12 tiles, shows HP bars Circle: 1 (4 mana) | [Design] Reveals hidden creatures within 12 tiles, shows HP bars | Duration: 60 seconds",NatureDetectLifeSpell
Nature Magic,Earthquake,paralyze,5,14,20-35,physical,,,,,Stun,,,Target enemy. Subject is rooted to the ground and cannot move for the duration.,"Earthquake - Deals 20-35 physical damage, knocks down enemies (stun 2s), destroys ice walls/barriers Circle: 5 (14 mana) | [Design] Deals 20-35 physical damage, knocks down enemies (stun 2s), destroys ice walls/barriers",NatureEarthquakeSpell
Nature Magic,Entangle,paralyze,2,6,,,,5s,,,,,,Target enemy. Subject is rooted to the ground and cannot move for 5 seconds.,"Entangle - Roots target in place (cannot move, can still cast/attack) Circle: 2 (6 mana) | [Design] Roots target in place (cannot move, can still cast/attack) | Duration: 5 seconds",NatureEntangleSpell
Nature Magic,Force of Nature,shapeshift,7,40,,,,30s,,,,,,Cast on self. Caster transforms into different form with new abilities.,"Force of Nature - Shapeshifts rapidly between all forms (changes every 5s), gains all benefits simultaneously, can still cast spells Circle: 7 (40 mana) | [Design] Shapeshifts rapidly between all forms (changes every 5s), gains all benefits simultaneously, can still cast spells | Duration: 30 seconds",NatureForceofNatureSpell
Nature Magic,Greater Regeneration,heal,5,14,,,8-12,45s,,,,,,Target friendly player or self. Restores health.,Greater Regeneration - Heals 8-12 HP/tick (15 ticks = 120-180 total) Circle: 5 (14 mana) | [Design] Heals 8-12 HP/tick (15 ticks = 120-180 total) | Duration: 45 seconds,NatureGreaterRegenerationSpell
Nature Magic,Hawk Form Aerial Shapeshift,shapeshift,5,14,,,,120s,,,+40 DEX,-50% damage,,Cast on self. Caster transforms into different form with new abilities.,"Hawk Form (Aerial Shapeshift) - Transform into hawk: Can fly over obstacles, +40 DEX, -50% damage taken from ranged, weak melee, CANNOT CAST SPELLS Circle: 5 (14 mana) | [Design] Transform into hawk: Can fly over obstacles, +40 DEX, -50% damage taken from ranged, weak melee, CANNOT CAST SPELLS | Duration: 120 seconds",NatureHawkFormAerialShapeshiftSpell
Nature Magic,Healing Grove,heal,4,11,,,5-8,15s,5 tile radius,,,,,Target friendly player or self. Restores health.,Healing Grove - Allies in area heal 5-8 HP/tick Circle: 4 (11 mana) | [Design] Allies in area heal 5-8 HP/tick | Area: 5 tile radius | Duration: 15 seconds,NatureHealingGroveSpell
Nature Magic,Hydr a Form Legendary Shapeshift,shapeshift,8,50,,,,,,,+70 STR,+30 DEX,Poison,Cast on self. Caster transforms into different form with new abilities.,"Hydra Form (Legendary Shapeshift) - Transform into multi-headed hydra: +70 STR, +30 DEX, triple attack, regenerates 15 HP/tick, immune to poison, CANNOT CAST SPELLS Circle: 8 (50 mana)",NatureHydraFormLegendaryShapeshiftSpell
Nature Magic,Living Fortress,heal,6,20,,,,60s,,,+20 Physical Resist,+20 Poison Resist,Poison,Target friendly player or self. Restores health.,"Living Fortress - +20 Physical Resist, +20 Poison Resist, +15% max HP, immune to roots/slows, heals 5 HP/tick Circle: 6 (20 mana) | [Design] +20 Physical Resist, +20 Poison Resist, +15% max HP, immune to roots/slows, heals 5 HP/tick | Duration: 60 seconds",NatureLivingFortressSpell
Nature Magic,Natures Blessing,dot,3,9,,,,90s,,,+10 Poison Resist,Poison,,Apply to enemy. Target takes damage over time for 90 seconds.,"Nature's Blessing - +10% max HP, +5 HP regen/tick, +10 Poison Resist Circle: 3 (9 mana) | [Design] +10% max HP, +5 HP regen/tick, +10 Poison Resist | Duration: 90 seconds",NatureNaturesBlessingSpell
Nature Magic,Natures Touch,heal,1,4,,,8-15,,,,,,,Target friendly player or self. Restores health.,Nature's Touch - Heals 8-15 HP Circle: 1 (4 mana) | [Design] Heals 8-15 HP,NatureNaturesTouchSpell
Nature Magic,Natures Wrath,paralyze,6,20,35-55,,,,8 tile cone,,-55 damage,Poison,,Target enemy. Subject is rooted to the ground and cannot move for the duration.,"Nature's Wrath - Deals 35-55 damage (mix of poison/physical), applies poison DoT, roots all targets Circle: 6 (20 mana) | [Design] Deals 35-55 damage (mix of poison/physical), applies poison DoT, roots all targets | Area: 8 tile cone",NatureNaturesWrathSpell
Nature Magic,Plague,dot,7,40,10-15,,,20s,8 tile radius,,-15 damage,Poison,,Apply to enemy. Target takes damage over time for 20 seconds.,"Plague - Devastating poison DoT (10-15 damage/tick), spreads to nearby enemies within 3 tiles Circle: 7 (40 mana) | [Design] Devastating poison DoT (10-15 damage/tick), spreads to nearby enemies within 3 tiles | Area: 8 tile radius | Duration: 20 seconds",NaturePlagueSpell
Nature Magic,Pois on Spores,dot,2,6,3-5,poison,,,,,Poison,,,Apply to enemy. Target takes damage over time for the duration.,Poison Spores - DoT dealing 3-5 poison damage/tick (6 ticks) Circle: 2 (6 mana),NaturePoisonSporesSpell
Nature Magic,Primordial Restoration,heal,7,40,,,,15s,8 tile radius,,,,,Target friendly player or self. Restores health.,"Primordial Restoration - Massive AoE heal (80-120 HP), removes all poisons/curses, grants immunity to debuffs for 15s Circle: 7 (40 mana) | [Design] Massive AoE heal (80-120 HP), removes all poisons/curses, grants immunity to debuffs for 15s | Area: 8 tile radius",NaturePrimordialRestorationSpell
Nature Magic,Rejuvenation,heal,2,6,,,3-6,30s,,,,,,Target friendly player or self. Restores health.,Rejuvenation - Heals 3-6 HP/tick (10 ticks = 30-60 total) Circle: 2 (6 mana) | [Design] Heals 3-6 HP/tick (10 ticks = 30-60 total) | Duration: 30 seconds,NatureRejuvenationSpell
Nature Magic,Spore Cloud,dot,5,14,5-9,,,12s,6 tile radius,,-9 damage,-25% accuracy,Poison,Apply to enemy. Target takes damage over time for 12 seconds.,"Spore Cloud - Poison cloud dealing 5-9 damage/tick, reduces visibility, -25% accuracy Circle: 5 (14 mana) | [Design] Poison cloud dealing 5-9 damage/tick, reduces visibility, -25% accuracy | Area: 6 tile radius | Duration: 12 seconds",NatureSporeCloudSpell
Nature Magic,Strangling Vines,paralyze,4,11,6-10,,,8s,,,-10 damage,-20% attack speed,,Target enemy. Subject is rooted to the ground and cannot move for 8 seconds.,"Strangling Vines - Target is rooted and takes 6-10 damage/tick, -20% attack speed Circle: 4 (11 mana) | [Design] Target is rooted and takes 6-10 damage/tick, -20% attack speed | Duration: 8 seconds",NatureStranglingVinesSpell
Nature Magic,Summ on Ancient Treant,summon,7,40,,,,,AoE,,Root,,,Cast to summon creature. Summoned creature fights for you.,"Summon Ancient Treant - Summons Ancient Treant (1200 HP, powerful melee, AoE root, high resists) Circle: 7 (40 mana)",NatureSummonAncientTreantSpell
Nature Magic,Swarm,dot,6,20,6-10,,,10s,5 tile radius,,-10 damage,-40% accuracy,,Apply to enemy. Target takes damage over time for 10 seconds.,"Circle: 6 (20 mana) | [Design] Swarm of insects deals 6-10 damage/tick, -40% accuracy, interrupts spellcasting | Area: 5 tile radius | Duration: 10 seconds",NatureSwarmSpell
Nature Magic,Thorn Apocalypse,paralyze,8,50,60-100,,,5s,30 tile radius,,-100 damage,Poison,Bleed,Target enemy. Subject is rooted to the ground and cannot move for 5 seconds.,"Thorn Apocalypse - Thorns erupt from ground dealing 60-100 damage (50% poison, 50% physical), applies bleed and poison DoTs, roots all enemies for 5s Circle: 8 (50 mana) | [Design] Thorns erupt from ground dealing 60-100 damage (50% poison, 50% physical), applies bleed and poison DoTs, roots all enemies for 5s | Area: Entire screen (30 tile radius)",NatureThornApocalypseSpell
Nature Magic,Thorn Dart,damage,1,4,4-10,,,,,,-10 damage,Poison,,Target enemy and cast to deal 4-10 damage.,"Thorn Dart - Deals 4-10 damage (50% poison, 50% physical) Circle: 1 (4 mana) | [Design] Deals 4-10 damage (50% poison, 50% physical)",NatureThornDartSpell
Nature Magic,Thorn Volley,aoe_damage,3,9,12-22,,,,3 tile radius,,-22 damage,Poison,,Cast at location. All enemies in 3 tile radius take damage.,"Thorn Volley - Deals 12-22 damage to all enemies in area (50% poison, 50% physical) Circle: 3 (9 mana) | [Design] Deals 12-22 damage to all enemies in area (50% poison, 50% physical) | Area: 3 tile radius",NatureThornVolleySpell
Nature Magic,Toxic Bloom,dot,4,11,15-25,poison,,10s,4 tile radius,,Poison,,,Apply to enemy. Target takes damage over time for 10 seconds.,"Toxic Bloom - Explodes for 15-25 poison damage, applies poison DoT (5 damage/tick for 10s) Circle: 4 (11 mana) | [Design] Explodes for 15-25 poison damage, applies poison DoT (5 damage/tick for 10s) | Area: 4 tile radius",NatureToxicBloomSpell
Nature Magic,Treant Form Greater Shapeshift,shapeshift,6,20,,,,180s,AoE,,+50 STR,+30 Physical Resist,Root,Cast on self. Caster transforms into different form with new abilities.,"Treant Form (Greater Shapeshift) - Transform into treant: +50 STR, +30 Physical Resist, +25% max HP, AoE root on attacks, CANNOT CAST SPELLS Circle: 6 (20 mana) | [Design] Transform into treant: +50 STR, +30 Physical Resist, +25% max HP, AoE root on attacks, CANNOT CAST SPELLS | Duration: 180 seconds",NatureTreantFormGreaterShapeshiftSpell
Nature Magic,Wild Growth,slow,3,9,,,,20s,,,,,,Target enemy. Subject's movement and attack speed are reduced for 20 seconds.,Wild Growth - Creates thick vegetation that blocks line of sight and slows enemies 30% Circle: 3 (9 mana) | [Design] Creates thick vegetation that blocks line of sight and slows enemies 30% | Area: 4x4 tiles | Duration: 20 seconds,NatureWildGrowthSpell
Nature Magic,Wolf Form Advanced Shapeshift,shapeshift,4,11,,,,180s,,,+25 DEX,+30% movement speed,+15% attack speed,Cast on self. Caster transforms into different form with new abilities.,"Wolf Form (Advanced Shapeshift) - Transform into wolf: +25 DEX, +30% movement speed, +15% attack speed, bleed attacks, CANNOT CAST SPELLS Circle: 4 (11 mana) | [Design] Transform into wolf: +25 DEX, +30% movement speed, +15% attack speed, bleed attacks, CANNOT CAST SPELLS | Duration: 180 seconds",NatureWolfFormAdvancedShapeshiftSpell
Nature Magic,World Trees Embrace,slow,8,50,8-15,,,45s,,,-15 damage,,,Target enemy. Subject's movement and attack speed are reduced for 45 seconds.,"World Tree's Embrace - Massive tree grows from caster: Allies gain +50% HP, 10 HP/tick regen, all resists +25. Enemies take 8-15 damage/tick and are slowed 75% Circle: 8 (50 mana) | [Design] Massive tree grows from caster: Allies gain +50% HP, 10 HP/tick regen, all resists +25. Enemies take 8-15 damage/tick and are slowed 75% | Duration: 45 seconds",NatureWorldTreesEmbraceSpell
Necromancy,mancy Animate Bone,summon,1,4,,,,,,,,,,Cast to summon creature. Summoned creature fights for you.,Animate Bone - Animate Bone Circle: 1 (4 mana),NecromancyAnimateBoneSpell
Necromancy,mancy Apocalypse of Death,utility,8,32,,,,,,,,,,Cast to activate spell effect.,Apocalypse of Death - Apocalypse of Death Circle: 8 (32 mana),NecromancyApocalypseofDeathSpell
Necromancy,mancy Archlich Ascension,utility,8,32,,,,,,,,,,Cast to activate spell effect.,Archlich Ascension - Archlich Ascension Circle: 8 (32 mana),NecromancyArchlichAscensionSpell
Necromancy,mancy Armyof the Dead,utility,7,28,,,,,,,,,,Cast to activate spell effect.,Army of the Dead - Army of the Dead Circle: 7 (28 mana),NecromancyArmyoftheDeadSpell
Necromancy,mancy Bone Armor,buff,3,12,,,,,,,,,,Cast on friendly target or self. Enhances stats or resistances for the duration.,Bone Armor - Bone Armor Circle: 3 (12 mana),NecromancyBoneArmorSpell
Necromancy,mancy Bone Prison,utility,7,28,,,,,,,,,,Cast to activate spell effect.,Bone Prison - Bone Prison Circle: 7 (28 mana),NecromancyBonePrisonSpell
Necromancy,mancy Bone Shard,utility,2,8,,,,,,,,,,Cast to activate spell effect.,Bone Shard - Bone Shard Circle: 2 (8 mana),NecromancyBoneShardSpell
Necromancy,mancy Bone Wall,utility,5,20,,,,,,,,,,Cast to activate spell effect.,Bone Wall - Bone Wall Circle: 5 (20 mana),NecromancyBoneWallSpell
Necromancy,mancy Corpse Explosion,utility,4,16,,,,,,,,,,Cast to activate spell effect.,Corpse Explosion - Corpse Explosion Circle: 4 (16 mana),NecromancyCorpseExplosionSpell
Necromancy,mancy Death Bolt,utility,1,4,,,,,,,,,,Cast to activate spell effect.,Death Bolt - Death Bolt Circle: 1 (4 mana),NecromancyDeathBoltSpell
Necromancy,mancy Death Coil,utility,3,12,,,,,,,,,,Cast to activate spell effect.,Death Coil - Death Coil Circle: 3 (12 mana),NecromancyDeathCoilSpell
Necromancy,mancy Death Grip,utility,4,16,,,,,,,,,,Cast to activate spell effect.,Death Grip - Death Grip Circle: 4 (16 mana),NecromancyDeathGripSpell
Necromancy,mancy Death Knights,utility,6,24,,,,,,,,,,Cast to activate spell effect.,Death Knights - Death Knights Circle: 6 (24 mana),NecromancyDeathKnightsSpell
Necromancy,mancy Death Wave,utility,7,28,,,,,,,,,,Cast to activate spell effect.,Death Wave - Death Wave Circle: 7 (28 mana),NecromancyDeathWaveSpell
Necromancy,mancy Deathand Decay,utility,5,20,,,,,,,,,,Cast to activate spell effect.,Death and Decay - Death and Decay Circle: 5 (20 mana),NecromancyDeathandDecaySpell
Necromancy,mancy Deaths Door,utility,8,32,,,,,,,,,,Cast to activate spell effect.,Death's Door - Death's Door Circle: 8 (32 mana),NecromancyDeathsDoorSpell
Necromancy,mancy Deathsight,utility,1,4,,,,,,,,,,Cast to activate spell effect.,Deathsight - Deathsight Circle: 1 (4 mana),NecromancyDeathsightSpell
Necromancy,mancy Decay,utility,2,8,,,,,,,,,,Cast to activate spell effect.,Decay - Decay Circle: 2 (8 mana),NecromancyDecaySpell
Necromancy,mancy Demi Lich Transformation,shapeshift,7,28,,,,,,,,,,Cast on self. Caster transforms into different form with new abilities.,Demi-Lich Transformation - Demi-Lich Transformation Circle: 7 (28 mana),NecromancyDemiLichTransformationSpell
Necromancy,mancy Lich Form,shapeshift,6,24,,,,,,,,,,Cast on self. Caster transforms into different form with new abilities.,Lich Form - Lich Form Circle: 6 (24 mana),NecromancyLichFormSpell
Necromancy,mancy Life Siphon,utility,1,4,,,,,,,,,,Cast to activate spell effect.,Life Siphon - Life Siphon Circle: 1 (4 mana),NecromancyLifeSiphonSpell
Necromancy,mancy Mass Raise,utility,3,12,,,,,,,,,,Cast to activate spell effect.,Mass Raise - Mass Raise Circle: 3 (12 mana),NecromancyMassRaiseSpell
Necromancy,mancy Plague Cloud,utility,6,24,,,,,,,,,,Cast to activate spell effect.,Plague Cloud - Plague Cloud Circle: 6 (24 mana),NecromancyPlagueCloudSpell
Necromancy,mancy Raise Bone Golem,utility,5,20,,,,,,,,,,Cast to activate spell effect.,Raise Bone Golem - Raise Bone Golem Circle: 5 (20 mana),NecromancyRaiseBoneGolemSpell
Necromancy,mancy Raise Zombie,utility,2,8,,,,,,,,,,Cast to activate spell effect.,Raise Zombie - Raise Zombie Circle: 2 (8 mana),NecromancyRaiseZombieSpell
Necromancy,mancy Skeletal Mage,utility,4,16,,,,,,,,,,Cast to activate spell effect.,Skeletal Mage - Skeletal Mage Circle: 4 (16 mana),NecromancySkeletalMageSpell
Necromancy,mancy Soul Harvest,utility,3,12,,,,,,,,,,Cast to activate spell effect.,Soul Harvest - Soul Harvest Circle: 3 (12 mana),NecromancySoulHarvestSpell
Necromancy,mancy Soul Link,utility,5,20,,,,,,,,,,Cast to activate spell effect.,Soul Link - Soul Link Circle: 5 (20 mana),NecromancySoulLinkSpell
Necromancy,mancy Soul Shield,utility,2,8,,,,,,,,,,Cast to activate spell effect.,Soul Shield - Soul Shield Circle: 2 (8 mana),NecromancySoulShieldSpell
Necromancy,mancy Summ on Undead Dragon,summon,8,32,,,,,,,,,,Cast to summon creature. Summoned creature fights for you.,Summon Undead Dragon - Summon Undead Dragon Circle: 8 (32 mana),NecromancySummonUndeadDragonSpell
Necromancy,mancy Unholy Frenzy,utility,6,24,,,,,,,,,,Cast to activate spell effect.,Unholy Frenzy - Unholy Frenzy Circle: 6 (24 mana),NecromancyUnholyFrenzySpell
Necromancy,mancy Vampiric Touch,utility,4,16,,,,,,,,,,Cast to activate spell effect.,Vampiric Touch - Vampiric Touch Circle: 4 (16 mana),NecromancyVampiricTouchSpell
Shamanic,Ancestors Blessing,resurrect,7,28,,,,,,,,,,Target dead player. Brings them back to life.,Ancestor's Blessing - Ancestor's Blessing Circle: 7 (28 mana) | [Design] Resurrect fallen ally at full HP/mana,ShamanicAncestorsBlessingSpell
Shamanic,Ancestral Spirit,utility,5,20,,,,,,,,,,Cast to activate spell effect.,"Circle: 5 (20 mana) | [Design] Become spirit: +30% dodge, phase through walls (30s)",ShamanicAncestralSpiritSpell
Shamanic,Apocalyptic Cha in Lightning,utility,8,32,,,,,,,,,,Cast to activate spell effect.,Apocalyptic Chain Lightning - Apocalyptic Chain Lightning Circle: 8 (32 mana),ShamanicApocalypticChainLightningSpell
Shamanic,Ascendance,damage,7,28,,,,,,,,,,Target enemy and cast to deal  damage.,"Circle: 7 (28 mana) | [Design] Become air: Flying, +50% lightning damage, immune to melee",ShamanicAscendanceSpell
Shamanic,Cha in Heal,heal,4,16,,,,,,,,,,Target friendly player or self. Restores health.,Chain Heal - Chain Heal Circle: 4 (16 mana),ShamanicChainHealSpell
Shamanic,Cha in Lightning,utility,2,8,,,,,,,,,,Cast to activate spell effect.,Chain Lightning - Chain Lightning Circle: 2 (8 mana),ShamanicChainLightningSpell
Shamanic,Earth Elemental,summon,5,20,,,,,,,,,,Cast to summon creature. Summoned creature fights for you.,Circle: 5 (20 mana) | [Design] Summon earth elemental tank (1000 HP),ShamanicEarthElementalSpell
Shamanic,Earth Shield,heal,3,12,,,,,,,,,,Target friendly player or self. Restores health.,"Circle: 3 (12 mana) | [Design] Shield absorbs 60 damage, regenerates 10/tick",ShamanicEarthShieldSpell
Shamanic,Elemental Fury,shapeshift,6,24,,,,,,,,,,Cast on self. Caster transforms into different form with new abilities.,Circle: 6 (24 mana) | [Design] Transform: Cast spells while meleeing (45s),ShamanicElementalFurySpell
Shamanic,Fire Totem,damage,2,8,5-10,fire,,,,,,,,Target enemy and cast to deal 5-10 damage.,Circle: 2 (8 mana) | [Design] Totem: Auto-attacks enemies for 5-10 fire damage,ShamanicFireTotemSpell
Shamanic,Flame Shock,dot,4,16,,,,,,,,,,Apply to enemy. Target takes damage over time for the duration.,"Circle: 4 (16 mana) | [Design] DoT 6-10 fire/tick, enables Lava Burst",ShamanicFlameShockSpell
Shamanic,Four Totems,utility,7,28,,,,,,,,,,Cast to activate spell effect.,"Circle: 7 (28 mana) | [Design] Instantly place 4 totems (Fire, Earth, Water, Air)",ShamanicFourTotemsSpell
Shamanic,Ghost Wolf Form,shapeshift,1,4,,,,,,,+20 DEX,,,Cast on self. Caster transforms into different form with new abilities.,"Circle: 1 (4 mana) | [Design] Transform: +20 DEX, +25% speed (60s)",ShamanicGhostWolfFormSpell
Shamanic,Healing Stream,summon,1,4,,,3-5/tick,,,,,,,Cast to summon creature. Summoned creature fights for you.,Circle: 1 (4 mana) | [Design] Summon: Heals allies 3-5 HP/tick,ShamanicHealingStreamSpell
Shamanic,Lav a Burst,utility,4,16,,,,,,,,,,Cast to activate spell effect.,Lava Burst - Lava Burst Circle: 4 (16 mana),ShamanicLavaBurstSpell
Shamanic,Lightning Bolt,damage,1,4,6-12,lightning,,,,,,,,Target enemy and cast to deal 6-12 damage.,Circle: 1 (4 mana) | [Design] 6-12 lightning damage,ShamanicLightningBoltSpell
Shamanic,Lightning Storm,aoe_damage,3,12,15-28,lightning,,,AoE,,,,,Cast at location. All enemies in area take damage.,"Circle: 3 (12 mana) | [Design] 4 tile AoE, 15-28 lightning damage",ShamanicLightningStormSpell
Shamanic,Maelstrom,dot,5,20,10-18,,,,AoE,,-18 damage,,,Apply to enemy. Target takes damage over time for the duration.,"Circle: 5 (20 mana) | [Design] Ground AoE: Pulls enemies in, 10-18 damage/tick",ShamanicMaelstromSpell
Shamanic,Man a Spring Totem,utility,4,16,,,,,,,,,,Cast to activate spell effect.,Mana Spring Totem - Mana Spring Totem Circle: 4 (16 mana),ShamanicManaSpringTotemSpell
Shamanic,Meg a Cha in Lightning,utility,6,24,,,,,,,,,,Cast to activate spell effect.,Mega Chain Lightning - Mega Chain Lightning Circle: 6 (24 mana),ShamanicMegaChainLightningSpell
Shamanic,Purification,cure,2,8,,,,,,,Poison,,,Target friendly player. Removes negative status effects.,"Circle: 2 (8 mana) | [Design] Remove poison, disease, curses from ally",ShamanicPurificationSpell
Shamanic,Shaman Lord,utility,8,32,,,,,,,,,,Cast to activate spell effect.,"Circle: 8 (32 mana) | [Design] Ultimate: Totems are indestructible, instant totem placement, elemental mastery",ShamanicShamanLordSpell
Shamanic,Spirit Link Totem,damage,6,24,,,,,,,,,,Target enemy and cast to deal  damage.,Circle: 6 (24 mana) | [Design] Totem: Splits damage among allies (damage reduction),ShamanicSpiritLinkTotemSpell
Shamanic,Spirit Strike,damage,2,8,10-18,,,,,,-18 damage,Knockback,,Target enemy and cast to deal 10-18 damage.,Circle: 2 (8 mana) | [Design] Melee attack: 10-18 damage + knockback,ShamanicSpiritStrikeSpell
Shamanic,Spiritof the Wild,utility,8,32,,,,,,,,,,Cast to activate spell effect.,Spirit of the Wild - Spirit of the Wild Circle: 8 (32 mana),ShamanicSpiritoftheWildSpell
Shamanic,Strength Totem,utility,1,4,,,,,,,+10 STR,,,Cast to activate spell effect.,Circle: 1 (4 mana) | [Design] Place totem: Allies +10 STR in 8 tiles,ShamanicStrengthTotemSpell
Shamanic,Summ on Greater Earth Elemental,summon,7,28,,,,,,,,,,Cast to summon creature. Summoned creature fights for you.,Summon Greater Earth Elemental - Summon Greater Earth Elemental Circle: 7 (28 mana),ShamanicSummonGreaterEarthElementalSpell
Shamanic,Summ on Spirit Wolf,summon,3,12,,,,,,,,,,Cast to summon creature. Summoned creature fights for you.,Summon Spirit Wolf - Summon Spirit Wolf Circle: 3 (12 mana),ShamanicSummonSpiritWolfSpell
Shamanic,Thunderstorm Totem,utility,5,20,,,,,,,,,,Cast to activate spell effect.,Circle: 5 (20 mana) | [Design] Totem: Chain lightning every 3s (8 tiles),ShamanicThunderstormTotemSpell
Shamanic,Totem Army,buff,8,32,,,,,,,,,,Cast on friendly target or self. Enhances stats or resistances for the duration.,"Circle: 8 (32 mana) | [Design] Place 8 totems simultaneously, max totems increased to 8",ShamanicTotemArmySpell
Shamanic,Totem of Wrath,damage,6,24,,,,,,,,,,Target enemy and cast to deal  damage.,Circle: 6 (24 mana) | [Design] Totem: +20% spell damage to all allies,ShamanicTotemofWrathSpell
Shamanic,Totemic Recall,heal,3,12,,,,,,,,,,Target friendly player or self. Restores health.,"Circle: 3 (12 mana) | [Design] Destroy all totems, restore 50% mana",ShamanicTotemicRecallSpell
Summoning,Arcane Bolt,damage,1,4,4-10,,,,,,-10 damage,,,Target enemy and cast to deal 4-10 damage.,Circle: 1 (4 mana) | [Design] 4-10 damage (basic attack),SummoningArcaneBoltSpell
Summoning,Army of Beasts,summon,6,24,,,,,,,,,,Cast to summon creature. Summoned creature fights for you.,"Circle: 6 (24 mana) | [Design] Summon 3 wolves, 2 bears simultaneously",SummoningArmyofBeastsSpell
Summoning,Avatar of Summoning,shapeshift,8,32,,,,,,,Instant Cast,,,Cast on self. Caster transforms into different form with new abilities.,"Circle: 8 (32 mana) | [Design] Ultimate form: Infinite summons, instant cast, summons are invulnerable",SummoningAvatarofSummoningSpell
Summoning,Bind Beast,charm,3,12,,,,,,,Charm,,,Target enemy creature. Subject fights for you temporarily.,Circle: 3 (12 mana) | [Design] Charm beast enemy to fight for you (60s),SummoningBindBeastSpell
Summoning,Empower Summon,summon,1,4,,,,30s,,,+5 damage,,,Cast to summon creature. Summoned creature fights for you.,Circle: 1 (4 mana) | [Design] +5 damage to one summon for 30s,SummoningEmpowerSummonSpell
Summoning,Greater Heal Summon,summon,5,20,,,,,,,,,,Cast to summon creature. Summoned creature fights for you.,Circle: 5 (20 mana) | [Design] Heal summon 80-120 HP,SummoningGreaterHealSummonSpell
Summoning,Mass Empower,summon,3,12,,,,45s,,,+10 damage,,,Cast to summon creature. Summoned creature fights for you.,Circle: 3 (12 mana) | [Design] All summons +10 damage for 45s,SummoningMassEmpowerSpell
Summoning,Mass Heal Summons,summon,6,24,,,,,,,,,,Cast to summon creature. Summoned creature fights for you.,Circle: 6 (24 mana) | [Design] Heal all summons 50-80 HP each,SummoningMassHealSummonsSpell
Summoning,Mend Summon,summon,2,8,,,,,,,,,,Cast to summon creature. Summoned creature fights for you.,Circle: 2 (8 mana) | [Design] Heal summon 30-50 HP,SummoningMendSummonSpell
Summoning,Planar Convergence,summon,8,32,,,,,,,,,,Cast to summon creature. Summoned creature fights for you.,Circle: 8 (32 mana) | [Design] Summon one creature of each element (5 total),SummoningPlanarConvergenceSpell
Summoning,Sacrifice Summon,summon,7,28,,,,,AoE,,,,,Cast to summon creature. Summoned creature fights for you.,"Circle: 7 (28 mana) | [Design] Kill summon, massive AoE damage (100-180)",SummoningSacrificeSummonSpell
Summoning,Summ on Air Elemental,summon,3,12,,,,,,,,,,Cast to summon creature. Summoned creature fights for you.,Summon Air Elemental - Summon Air Elemental Circle: 3 (12 mana),SummoningSummonAirElementalSpell
Summoning,Summ on Bear,summon,3,12,,,,,,,,,,Cast to summon creature. Summoned creature fights for you.,Summon Bear - Summon Bear Circle: 3 (12 mana),SummoningSummonBearSpell
Summoning,Summ on Drake,summon,4,16,,,,,,,,,,Cast to summon creature. Summoned creature fights for you.,Summon Drake - Summon Drake Circle: 4 (16 mana),SummoningSummonDrakeSpell
Summoning,Summ on Earth Elemental,summon,4,16,,,,,,,,,,Cast to summon creature. Summoned creature fights for you.,Summon Earth Elemental - Summon Earth Elemental Circle: 4 (16 mana),SummoningSummonEarthElementalSpell
Summoning,Summ on Elemental Lord,summon,7,28,,,,,,,,,,Cast to summon creature. Summoned creature fights for you.,Summon Elemental Lord - Summon Elemental Lord Circle: 7 (28 mana),SummoningSummonElementalLordSpell
Summoning,Summ on Fire Sprite,summon,2,8,,,,,,,,,,Cast to summon creature. Summoned creature fights for you.,Summon Fire Sprite - Summon Fire Sprite Circle: 2 (8 mana),SummoningSummonFireSpriteSpell
Summoning,Summ on Frenzy,summon,4,16,,,,,,,,,,Cast to summon creature. Summoned creature fights for you.,Summon Frenzy - Summon Frenzy Circle: 4 (16 mana),SummoningSummonFrenzySpell
Summoning,Summ on Greater Dragon,summon,7,28,,,,,,,,,,Cast to summon creature. Summoned creature fights for you.,Summon Greater Dragon - Summon Greater Dragon Circle: 7 (28 mana),SummoningSummonGreaterDragonSpell
Summoning,Summ on Hydra,summon,5,20,,,,,,,,,,Cast to summon creature. Summoned creature fights for you.,Summon Hydra - Summon Hydra Circle: 5 (20 mana),SummoningSummonHydraSpell
Summoning,Summ on Phoenix,summon,6,24,,,,,,,,,,Cast to summon creature. Summoned creature fights for you.,Summon Phoenix - Summon Phoenix Circle: 6 (24 mana),SummoningSummonPhoenixSpell
Summoning,Summ on Rabbit,summon,1,4,,,,,,,,,,Cast to summon creature. Summoned creature fights for you.,Summon Rabbit - Summon Rabbit Circle: 1 (4 mana),SummoningSummonRabbitSpell
Summoning,Summ on Shield,summon,2,8,,,,,,,,,,Cast to summon creature. Summoned creature fights for you.,Summon Shield - Summon Shield Circle: 2 (8 mana),SummoningSummonShieldSpell
Summoning,Summ on Storm Elemental,summon,5,20,,,,,,,,,,Cast to summon creature. Summoned creature fights for you.,Summon Storm Elemental - Summon Storm Elemental Circle: 5 (20 mana),SummoningSummonStormElementalSpell
Summoning,Summ on Titan,summon,8,32,,,,,,,,,,Cast to summon creature. Summoned creature fights for you.,Summon Titan - Summon Titan Circle: 8 (32 mana),SummoningSummonTitanSpell
Summoning,Summ on Void Elemental,summon,6,24,,,,,,,,,,Cast to summon creature. Summoned creature fights for you.,Summon Void Elemental - Summon Void Elemental Circle: 6 (24 mana),SummoningSummonVoidElementalSpell
Summoning,Summ on Wisp,summon,1,4,,,,,,,,,,Cast to summon creature. Summoned creature fights for you.,Summon Wisp - Summon Wisp Circle: 1 (4 mana),SummoningSummonWispSpell
Summoning,Summ on Wolf,summon,2,8,,,,,,,,,,Cast to summon creature. Summoned creature fights for you.,Summon Wolf - Summon Wolf Circle: 2 (8 mana),SummoningSummonWolfSpell
Summoning,Summoners Apocalypse,summon,8,32,80-140,,,,,,-140 damage,,,Cast to summon creature. Summoned creature fights for you.,"Summoner's Apocalypse - Summoner's Apocalypse Circle: 8 (32 mana) | [Design] All summons explode for 80-140 damage each, then resummon at full HP",SummoningSummonersApocalypseSpell
Summoning,Swarm of Creatures,summon,7,28,,,,,,,,,,Cast to summon creature. Summoned creature fights for you.,Circle: 7 (28 mana) | [Design] Summon 10 weak creatures that swarm enemies,SummoningSwarmofCreaturesSpell
Summoning,Symbiotic Link,summon,5,20,,,,,,,,,,Cast to summon creature. Summoned creature fights for you.,"Circle: 5 (20 mana) | [Design] Link to summon, share HP/mana pools",SummoningSymbioticLinkSpell
Summoning,Unsummon,summon,4,16,,,,,,,,,,Cast to summon creature. Summoned creature fights for you.,"Circle: 4 (16 mana) | [Design] Dismiss summon, restore 50% mana cost",SummoningUnsummonSpell
